date,CPI (All Items),Core CPI (Less Food & Energy),Median House Price,Case-Shiller HPI,30yr Mortgage Rate,Federal Receipts,Fed Funds Rate,10Y-2Y Treasury Spread,GDP,Real GDP,Unemployment Rate,Labor Force Participation,Median Household Income
1901-06-01,,,,,,588.0,,,,,,,
1901-07-01,,,,,,,,,,,,,
1901-08-01,,,,,,,,,,,,,
1901-09-01,,,,,,,,,,,,,
1901-10-01,,,,,,,,,,,,,
1901-11-01,,,,,,,,,,,,,
1901-12-01,,,,,,,,,,,,,
1902-01-01,,,,,,,,,,,,,
1902-02-01,,,,,,,,,,,,,
1902-03-01,,,,,,,,,,,,,
1902-04-01,,,,,,,,,,,,,
1902-05-01,,,,,,,,,,,,,
1902-06-01,,,,,,562.0,,,,,,,
1902-07-01,,,,,,,,,,,,,
1902-08-01,,,,,,,,,,,,,
1902-09-01,,,,,,,,,,,,,
1902-10-01,,,,,,,,,,,,,
1902-11-01,,,,,,,,,,,,,
1902-12-01,,,,,,,,,,,,,
1903-01-01,,,,,,,,,,,,,
1903-02-01,,,,,,,,,,,,,
1903-03-01,,,,,,,,,,,,,
1903-04-01,,,,,,,,,,,,,
1903-05-01,,,,,,,,,,,,,
1903-06-01,,,,,,562.0,,,,,,,
1903-07-01,,,,,,,,,,,,,
1903-08-01,,,,,,,,,,,,,
1903-09-01,,,,,,,,,,,,,
1903-10-01,,,,,,,,,,,,,
1903-11-01,,,,,,,,,,,,,
1903-12-01,,,,,,,,,,,,,
1904-01-01,,,,,,,,,,,,,
1904-02-01,,,,,,,,,,,,,
1904-03-01,,,,,,,,,,,,,
1904-04-01,,,,,,,,,,,,,
1904-05-01,,,,,,,,,,,,,
1904-06-01,,,,,,541.0,,,,,,,
1904-07-01,,,,,,,,,,,,,
1904-08-01,,,,,,,,,,,,,
1904-09-01,,,,,,,,,,,,,
1904-10-01,,,,,,,,,,,,,
1904-11-01,,,,,,,,,,,,,
1904-12-01,,,,,,,,,,,,,
1905-01-01,,,,,,,,,,,,,
1905-02-01,,,,,,,,,,,,,
1905-03-01,,,,,,,,,,,,,
1905-04-01,,,,,,,,,,,,,
1905-05-01,,,,,,,,,,,,,
1905-06-01,,,,,,544.0,,,,,,,
1905-07-01,,,,,,,,,,,,,
1905-08-01,,,,,,,,,,,,,
1905-09-01,,,,,,,,,,,,,
1905-10-01,,,,,,,,,,,,,
1905-11-01,,,,,,,,,,,,,
1905-12-01,,,,,,,,,,,,,
1906-01-01,,,,,,,,,,,,,
1906-02-01,,,,,,,,,,,,,
1906-03-01,,,,,,,,,,,,,
1906-04-01,,,,,,,,,,,,,
1906-05-01,,,,,,,,,,,,,
1906-06-01,,,,,,595.0,,,,,,,
1906-07-01,,,,,,,,,,,,,
1906-08-01,,,,,,,,,,,,,
1906-09-01,,,,,,,,,,,,,
1906-10-01,,,,,,,,,,,,,
1906-11-01,,,,,,,,,,,,,
1906-12-01,,,,,,,,,,,,,
1907-01-01,,,,,,,,,,,,,
1907-02-01,,,,,,,,,,,,,
1907-03-01,,,,,,,,,,,,,
1907-04-01,,,,,,,,,,,,,
1907-05-01,,,,,,,,,,,,,
1907-06-01,,,,,,666.0,,,,,,,
1907-07-01,,,,,,,,,,,,,
1907-08-01,,,,,,,,,,,,,
1907-09-01,,,,,,,,,,,,,
1907-10-01,,,,,,,,,,,,,
1907-11-01,,,,,,,,,,,,,
1907-12-01,,,,,,,,,,,,,
1908-01-01,,,,,,,,,,,,,
1908-02-01,,,,,,,,,,,,,
1908-03-01,,,,,,,,,,,,,
1908-04-01,,,,,,,,,,,,,
1908-05-01,,,,,,,,,,,,,
1908-06-01,,,,,,602.0,,,,,,,
1908-07-01,,,,,,,,,,,,,
1908-08-01,,,,,,,,,,,,,
1908-09-01,,,,,,,,,,,,,
1908-10-01,,,,,,,,,,,,,
1908-11-01,,,,,,,,,,,,,
1908-12-01,,,,,,,,,,,,,
1909-01-01,,,,,,,,,,,,,
1909-02-01,,,,,,,,,,,,,
1909-03-01,,,,,,,,,,,,,
1909-04-01,,,,,,,,,,,,,
1909-05-01,,,,,,,,,,,,,
1909-06-01,,,,,,604.0,,,,,,,
1909-07-01,,,,,,,,,,,,,
1909-08-01,,,,,,,,,,,,,
1909-09-01,,,,,,,,,,,,,
1909-10-01,,,,,,,,,,,,,
1909-11-01,,,,,,,,,,,,,
1909-12-01,,,,,,,,,,,,,
1910-01-01,,,,,,,,,,,,,
1910-02-01,,,,,,,,,,,,,
1910-03-01,,,,,,,,,,,,,
1910-04-01,,,,,,,,,,,,,
1910-05-01,,,,,,,,,,,,,
1910-06-01,,,,,,676.0,,,,,,,
1910-07-01,,,,,,,,,,,,,
1910-08-01,,,,,,,,,,,,,
1910-09-01,,,,,,,,,,,,,
1910-10-01,,,,,,,,,,,,,
1910-11-01,,,,,,,,,,,,,
1910-12-01,,,,,,,,,,,,,
1911-01-01,,,,,,,,,,,,,
1911-02-01,,,,,,,,,,,,,
1911-03-01,,,,,,,,,,,,,
1911-04-01,,,,,,,,,,,,,
1911-05-01,,,,,,,,,,,,,
1911-06-01,,,,,,702.0,,,,,,,
1911-07-01,,,,,,,,,,,,,
1911-08-01,,,,,,,,,,,,,
1911-09-01,,,,,,,,,,,,,
1911-10-01,,,,,,,,,,,,,
1911-11-01,,,,,,,,,,,,,
1911-12-01,,,,,,,,,,,,,
1912-01-01,,,,,,,,,,,,,
1912-02-01,,,,,,,,,,,,,
1912-03-01,,,,,,,,,,,,,
1912-04-01,,,,,,,,,,,,,
1912-05-01,,,,,,,,,,,,,
1912-06-01,,,,,,693.0,,,,,,,
1912-07-01,,,,,,,,,,,,,
1912-08-01,,,,,,,,,,,,,
1912-09-01,,,,,,,,,,,,,
1912-10-01,,,,,,,,,,,,,
1912-11-01,,,,,,,,,,,,,
1912-12-01,,,,,,,,,,,,,
1913-01-01,,,,,,,,,,,,,
1913-02-01,,,,,,,,,,,,,
1913-03-01,,,,,,,,,,,,,
1913-04-01,,,,,,,,,,,,,
1913-05-01,,,,,,,,,,,,,
1913-06-01,,,,,,714.0,,,,,,,
1913-07-01,,,,,,,,,,,,,
1913-08-01,,,,,,,,,,,,,
1913-09-01,,,,,,,,,,,,,
1913-10-01,,,,,,,,,,,,,
1913-11-01,,,,,,,,,,,,,
1913-12-01,,,,,,,,,,,,,
1914-01-01,,,,,,,,,,,,,
1914-02-01,,,,,,,,,,,,,
1914-03-01,,,,,,,,,,,,,
1914-04-01,,,,,,,,,,,,,
1914-05-01,,,,,,,,,,,,,
1914-06-01,,,,,,725.0,,,,,,,
1914-07-01,,,,,,,,,,,,,
1914-08-01,,,,,,,,,,,,,
1914-09-01,,,,,,,,,,,,,
1914-10-01,,,,,,,,,,,,,
1914-11-01,,,,,,,,,,,,,
1914-12-01,,,,,,,,,,,,,
1915-01-01,,,,,,,,,,,,,
1915-02-01,,,,,,,,,,,,,
1915-03-01,,,,,,,,,,,,,
1915-04-01,,,,,,,,,,,,,
1915-05-01,,,,,,,,,,,,,
1915-06-01,,,,,,683.0,,,,,,,
1915-07-01,,,,,,,,,,,,,
1915-08-01,,,,,,,,,,,,,
1915-09-01,,,,,,,,,,,,,
1915-10-01,,,,,,,,,,,,,
1915-11-01,,,,,,,,,,,,,
1915-12-01,,,,,,,,,,,,,
1916-01-01,,,,,,,,,,,,,
1916-02-01,,,,,,,,,,,,,
1916-03-01,,,,,,,,,,,,,
1916-04-01,,,,,,,,,,,,,
1916-05-01,,,,,,,,,,,,,
1916-06-01,,,,,,761.0,,,,,,,
1916-07-01,,,,,,,,,,,,,
1916-08-01,,,,,,,,,,,,,
1916-09-01,,,,,,,,,,,,,
1916-10-01,,,,,,,,,,,,,
1916-11-01,,,,,,,,,,,,,
1916-12-01,,,,,,,,,,,,,
1917-01-01,,,,,,,,,,,,,
1917-02-01,,,,,,,,,,,,,
1917-03-01,,,,,,,,,,,,,
1917-04-01,,,,,,,,,,,,,
1917-05-01,,,,,,,,,,,,,
1917-06-01,,,,,,1101.0,,,,,,,
1917-07-01,,,,,,,,,,,,,
1917-08-01,,,,,,,,,,,,,
1917-09-01,,,,,,,,,,,,,
1917-10-01,,,,,,,,,,,,,
1917-11-01,,,,,,,,,,,,,
1917-12-01,,,,,,,,,,,,,
1918-01-01,,,,,,,,,,,,,
1918-02-01,,,,,,,,,,,,,
1918-03-01,,,,,,,,,,,,,
1918-04-01,,,,,,,,,,,,,
1918-05-01,,,,,,,,,,,,,
1918-06-01,,,,,,3645.0,,,,,,,
1918-07-01,,,,,,,,,,,,,
1918-08-01,,,,,,,,,,,,,
1918-09-01,,,,,,,,,,,,,
1918-10-01,,,,,,,,,,,,,
1918-11-01,,,,,,,,,,,,,
1918-12-01,,,,,,,,,,,,,
1919-01-01,,,,,,,,,,,,,
1919-02-01,,,,,,,,,,,,,
1919-03-01,,,,,,,,,,,,,
1919-04-01,,,,,,,,,,,,,
1919-05-01,,,,,,,,,,,,,
1919-06-01,,,,,,5130.0,,,,,,,
1919-07-01,,,,,,,,,,,,,
1919-08-01,,,,,,,,,,,,,
1919-09-01,,,,,,,,,,,,,
1919-10-01,,,,,,,,,,,,,
1919-11-01,,,,,,,,,,,,,
1919-12-01,,,,,,,,,,,,,
1920-01-01,,,,,,,,,,,,,
1920-02-01,,,,,,,,,,,,,
1920-03-01,,,,,,,,,,,,,
1920-04-01,,,,,,,,,,,,,
1920-05-01,,,,,,,,,,,,,
1920-06-01,,,,,,6649.0,,,,,,,
1920-07-01,,,,,,,,,,,,,
1920-08-01,,,,,,,,,,,,,
1920-09-01,,,,,,,,,,,,,
1920-10-01,,,,,,,,,,,,,
1920-11-01,,,,,,,,,,,,,
1920-12-01,,,,,,,,,,,,,
1921-01-01,,,,,,,,,,,,,
1921-02-01,,,,,,,,,,,,,
1921-03-01,,,,,,,,,,,,,
1921-04-01,,,,,,,,,,,,,
1921-05-01,,,,,,,,,,,,,
1921-06-01,,,,,,5571.0,,,,,,,
1921-07-01,,,,,,,,,,,,,
1921-08-01,,,,,,,,,,,,,
1921-09-01,,,,,,,,,,,,,
1921-10-01,,,,,,,,,,,,,
1921-11-01,,,,,,,,,,,,,
1921-12-01,,,,,,,,,,,,,
1922-01-01,,,,,,,,,,,,,
1922-02-01,,,,,,,,,,,,,
1922-03-01,,,,,,,,,,,,,
1922-04-01,,,,,,,,,,,,,
1922-05-01,,,,,,,,,,,,,
1922-06-01,,,,,,4026.0,,,,,,,
1922-07-01,,,,,,,,,,,,,
1922-08-01,,,,,,,,,,,,,
1922-09-01,,,,,,,,,,,,,
1922-10-01,,,,,,,,,,,,,
1922-11-01,,,,,,,,,,,,,
1922-12-01,,,,,,,,,,,,,
1923-01-01,,,,,,,,,,,,,
1923-02-01,,,,,,,,,,,,,
1923-03-01,,,,,,,,,,,,,
1923-04-01,,,,,,,,,,,,,
1923-05-01,,,,,,,,,,,,,
1923-06-01,,,,,,3853.0,,,,,,,
1923-07-01,,,,,,,,,,,,,
1923-08-01,,,,,,,,,,,,,
1923-09-01,,,,,,,,,,,,,
1923-10-01,,,,,,,,,,,,,
1923-11-01,,,,,,,,,,,,,
1923-12-01,,,,,,,,,,,,,
1924-01-01,,,,,,,,,,,,,
1924-02-01,,,,,,,,,,,,,
1924-03-01,,,,,,,,,,,,,
1924-04-01,,,,,,,,,,,,,
1924-05-01,,,,,,,,,,,,,
1924-06-01,,,,,,3871.0,,,,,,,
1924-07-01,,,,,,,,,,,,,
1924-08-01,,,,,,,,,,,,,
1924-09-01,,,,,,,,,,,,,
1924-10-01,,,,,,,,,,,,,
1924-11-01,,,,,,,,,,,,,
1924-12-01,,,,,,,,,,,,,
1925-01-01,,,,,,,,,,,,,
1925-02-01,,,,,,,,,,,,,
1925-03-01,,,,,,,,,,,,,
1925-04-01,,,,,,,,,,,,,
1925-05-01,,,,,,,,,,,,,
1925-06-01,,,,,,3641.0,,,,,,,
1925-07-01,,,,,,,,,,,,,
1925-08-01,,,,,,,,,,,,,
1925-09-01,,,,,,,,,,,,,
1925-10-01,,,,,,,,,,,,,
1925-11-01,,,,,,,,,,,,,
1925-12-01,,,,,,,,,,,,,
1926-01-01,,,,,,,,,,,,,
1926-02-01,,,,,,,,,,,,,
1926-03-01,,,,,,,,,,,,,
1926-04-01,,,,,,,,,,,,,
1926-05-01,,,,,,,,,,,,,
1926-06-01,,,,,,3795.0,,,,,,,
1926-07-01,,,,,,,,,,,,,
1926-08-01,,,,,,,,,,,,,
1926-09-01,,,,,,,,,,,,,
1926-10-01,,,,,,,,,,,,,
1926-11-01,,,,,,,,,,,,,
1926-12-01,,,,,,,,,,,,,
1927-01-01,,,,,,,,,,,,,
1927-02-01,,,,,,,,,,,,,
1927-03-01,,,,,,,,,,,,,
1927-04-01,,,,,,,,,,,,,
1927-05-01,,,,,,,,,,,,,
1927-06-01,,,,,,4013.0,,,,,,,
1927-07-01,,,,,,,,,,,,,
1927-08-01,,,,,,,,,,,,,
1927-09-01,,,,,,,,,,,,,
1927-10-01,,,,,,,,,,,,,
1927-11-01,,,,,,,,,,,,,
1927-12-01,,,,,,,,,,,,,
1928-01-01,,,,,,,,,,,,,
1928-02-01,,,,,,,,,,,,,
1928-03-01,,,,,,,,,,,,,
1928-04-01,,,,,,,,,,,,,
1928-05-01,,,,,,,,,,,,,
1928-06-01,,,,,,3900.0,,,,,,,
1928-07-01,,,,,,,,,,,,,
1928-08-01,,,,,,,,,,,,,
1928-09-01,,,,,,,,,,,,,
1928-10-01,,,,,,,,,,,,,
1928-11-01,,,,,,,,,,,,,
1928-12-01,,,,,,,,,,,,,
1929-01-01,,,,,,,,,,,,,
1929-02-01,,,,,,,,,,,,,
1929-03-01,,,,,,,,,,,,,
1929-04-01,,,,,,,,,,,,,
1929-05-01,,,,,,,,,,,,,
1929-06-01,,,,,,3862.0,,,,,,,
1929-07-01,,,,,,,,,,,,,
1929-08-01,,,,,,,,,,,,,
1929-09-01,,,,,,,,,,,,,
1929-10-01,,,,,,,,,,,,,
1929-11-01,,,,,,,,,,,,,
1929-12-01,,,,,,,,,,,,,
1930-01-01,,,,,,,,,,,,,
1930-02-01,,,,,,,,,,,,,
1930-03-01,,,,,,,,,,,,,
1930-04-01,,,,,,,,,,,,,
1930-05-01,,,,,,,,,,,,,
1930-06-01,,,,,,4058.0,,,,,,,
1930-07-01,,,,,,,,,,,,,
1930-08-01,,,,,,,,,,,,,
1930-09-01,,,,,,,,,,,,,
1930-10-01,,,,,,,,,,,,,
1930-11-01,,,,,,,,,,,,,
1930-12-01,,,,,,,,,,,,,
1931-01-01,,,,,,,,,,,,,
1931-02-01,,,,,,,,,,,,,
1931-03-01,,,,,,,,,,,,,
1931-04-01,,,,,,,,,,,,,
1931-05-01,,,,,,,,,,,,,
1931-06-01,,,,,,3116.0,,,,,,,
1931-07-01,,,,,,,,,,,,,
1931-08-01,,,,,,,,,,,,,
1931-09-01,,,,,,,,,,,,,
1931-10-01,,,,,,,,,,,,,
1931-11-01,,,,,,,,,,,,,
1931-12-01,,,,,,,,,,,,,
1932-01-01,,,,,,,,,,,,,
1932-02-01,,,,,,,,,,,,,
1932-03-01,,,,,,,,,,,,,
1932-04-01,,,,,,,,,,,,,
1932-05-01,,,,,,,,,,,,,
1932-06-01,,,,,,1924.0,,,,,,,
1932-07-01,,,,,,,,,,,,,
1932-08-01,,,,,,,,,,,,,
1932-09-01,,,,,,,,,,,,,
1932-10-01,,,,,,,,,,,,,
1932-11-01,,,,,,,,,,,,,
1932-12-01,,,,,,,,,,,,,
1933-01-01,,,,,,,,,,,,,
1933-02-01,,,,,,,,,,,,,
1933-03-01,,,,,,,,,,,,,
1933-04-01,,,,,,,,,,,,,
1933-05-01,,,,,,,,,,,,,
1933-06-01,,,,,,1997.0,,,,,,,
1933-07-01,,,,,,,,,,,,,
1933-08-01,,,,,,,,,,,,,
1933-09-01,,,,,,,,,,,,,
1933-10-01,,,,,,,,,,,,,
1933-11-01,,,,,,,,,,,,,
1933-12-01,,,,,,,,,,,,,
1934-01-01,,,,,,,,,,,,,
1934-02-01,,,,,,,,,,,,,
1934-03-01,,,,,,,,,,,,,
1934-04-01,,,,,,,,,,,,,
1934-05-01,,,,,,,,,,,,,
1934-06-01,,,,,,2955.0,,,,,,,
1934-07-01,,,,,,,,,,,,,
1934-08-01,,,,,,,,,,,,,
1934-09-01,,,,,,,,,,,,,
1934-10-01,,,,,,,,,,,,,
1934-11-01,,,,,,,,,,,,,
1934-12-01,,,,,,,,,,,,,
1935-01-01,,,,,,,,,,,,,
1935-02-01,,,,,,,,,,,,,
1935-03-01,,,,,,,,,,,,,
1935-04-01,,,,,,,,,,,,,
1935-05-01,,,,,,,,,,,,,
1935-06-01,,,,,,3609.0,,,,,,,
1935-07-01,,,,,,,,,,,,,
1935-08-01,,,,,,,,,,,,,
1935-09-01,,,,,,,,,,,,,
1935-10-01,,,,,,,,,,,,,
1935-11-01,,,,,,,,,,,,,
1935-12-01,,,,,,,,,,,,,
1936-01-01,,,,,,,,,,,,,
1936-02-01,,,,,,,,,,,,,
1936-03-01,,,,,,,,,,,,,
1936-04-01,,,,,,,,,,,,,
1936-05-01,,,,,,,,,,,,,
1936-06-01,,,,,,3923.0,,,,,,,
1936-07-01,,,,,,,,,,,,,
1936-08-01,,,,,,,,,,,,,
1936-09-01,,,,,,,,,,,,,
1936-10-01,,,,,,,,,,,,,
1936-11-01,,,,,,,,,,,,,
1936-12-01,,,,,,,,,,,,,
1937-01-01,,,,,,,,,,,,,
1937-02-01,,,,,,,,,,,,,
1937-03-01,,,,,,,,,,,,,
1937-04-01,,,,,,,,,,,,,
1937-05-01,,,,,,,,,,,,,
1937-06-01,,,,,,5387.0,,,,,,,
1937-07-01,,,,,,,,,,,,,
1937-08-01,,,,,,,,,,,,,
1937-09-01,,,,,,,,,,,,,
1937-10-01,,,,,,,,,,,,,
1937-11-01,,,,,,,,,,,,,
1937-12-01,,,,,,,,,,,,,
1938-01-01,,,,,,,,,,,,,
1938-02-01,,,,,,,,,,,,,
1938-03-01,,,,,,,,,,,,,
1938-04-01,,,,,,,,,,,,,
1938-05-01,,,,,,,,,,,,,
1938-06-01,,,,,,6751.0,,,,,,,
1938-07-01,,,,,,,,,,,,,
1938-08-01,,,,,,,,,,,,,
1938-09-01,,,,,,,,,,,,,
1938-10-01,,,,,,,,,,,,,
1938-11-01,,,,,,,,,,,,,
1938-12-01,,,,,,,,,,,,,
1939-01-01,,,,,,,,,,,,,
1939-02-01,,,,,,,,,,,,,
1939-03-01,,,,,,,,,,,,,
1939-04-01,,,,,,,,,,,,,
1939-05-01,,,,,,,,,,,,,
1939-06-01,,,,,,6295.0,,,,,,,
1939-07-01,,,,,,,,,,,,,
1939-08-01,,,,,,,,,,,,,
1939-09-01,,,,,,,,,,,,,
1939-10-01,,,,,,,,,,,,,
1939-11-01,,,,,,,,,,,,,
1939-12-01,,,,,,,,,,,,,
1940-01-01,,,,,,,,,,,,,
1940-02-01,,,,,,,,,,,,,
1940-03-01,,,,,,,,,,,,,
1940-04-01,,,,,,,,,,,,,
1940-05-01,,,,,,,,,,,,,
1940-06-01,,,,,,6548.0,,,,,,,
1940-07-01,,,,,,,,,,,,,
1940-08-01,,,,,,,,,,,,,
1940-09-01,,,,,,,,,,,,,
1940-10-01,,,,,,,,,,,,,
1940-11-01,,,,,,,,,,,,,
1940-12-01,,,,,,,,,,,,,
1941-01-01,,,,,,,,,,,,,
1941-02-01,,,,,,,,,,,,,
1941-03-01,,,,,,,,,,,,,
1941-04-01,,,,,,,,,,,,,
1941-05-01,,,,,,,,,,,,,
1941-06-01,,,,,,8712.0,,,,,,,
1941-07-01,,,,,,,,,,,,,
1941-08-01,,,,,,,,,,,,,
1941-09-01,,,,,,,,,,,,,
1941-10-01,,,,,,,,,,,,,
1941-11-01,,,,,,,,,,,,,
1941-12-01,,,,,,,,,,,,,
1942-01-01,,,,,,,,,,,,,
1942-02-01,,,,,,,,,,,,,
1942-03-01,,,,,,,,,,,,,
1942-04-01,,,,,,,,,,,,,
1942-05-01,,,,,,,,,,,,,
1942-06-01,,,,,,14634.0,,,,,,,
1942-07-01,,,,,,,,,,,,,
1942-08-01,,,,,,,,,,,,,
1942-09-01,,,,,,,,,,,,,
1942-10-01,,,,,,,,,,,,,
1942-11-01,,,,,,,,,,,,,
1942-12-01,,,,,,,,,,,,,
1943-01-01,,,,,,,,,,,,,
1943-02-01,,,,,,,,,,,,,
1943-03-01,,,,,,,,,,,,,
1943-04-01,,,,,,,,,,,,,
1943-05-01,,,,,,,,,,,,,
1943-06-01,,,,,,24001.0,,,,,,,
1943-07-01,,,,,,,,,,,,,
1943-08-01,,,,,,,,,,,,,
1943-09-01,,,,,,,,,,,,,
1943-10-01,,,,,,,,,,,,,
1943-11-01,,,,,,,,,,,,,
1943-12-01,,,,,,,,,,,,,
1944-01-01,,,,,,,,,,,,,
1944-02-01,,,,,,,,,,,,,
1944-03-01,,,,,,,,,,,,,
1944-04-01,,,,,,,,,,,,,
1944-05-01,,,,,,,,,,,,,
1944-06-01,,,,,,43747.0,,,,,,,
1944-07-01,,,,,,,,,,,,,
1944-08-01,,,,,,,,,,,,,
1944-09-01,,,,,,,,,,,,,
1944-10-01,,,,,,,,,,,,,
1944-11-01,,,,,,,,,,,,,
1944-12-01,,,,,,,,,,,,,
1945-01-01,,,,,,,,,,,,,
1945-02-01,,,,,,,,,,,,,
1945-03-01,,,,,,,,,,,,,
1945-04-01,,,,,,,,,,,,,
1945-05-01,,,,,,,,,,,,,
1945-06-01,,,,,,45159.0,,,,,,,
1945-07-01,,,,,,,,,,,,,
1945-08-01,,,,,,,,,,,,,
1945-09-01,,,,,,,,,,,,,
1945-10-01,,,,,,,,,,,,,
1945-11-01,,,,,,,,,,,,,
1945-12-01,,,,,,,,,,,,,
1946-01-01,,,,,,,,,,,,,
1946-02-01,,,,,,,,,,,,,
1946-03-01,,,,,,,,,,,,,
1946-04-01,,,,,,,,,,,,,
1946-05-01,,,,,,,,,,,,,
1946-06-01,,,,,,39296.0,,,,,,,
1946-07-01,,,,,,,,,,,,,
1946-08-01,,,,,,,,,,,,,
1946-09-01,,,,,,,,,,,,,
1946-10-01,,,,,,,,,,,,,
1946-11-01,,,,,,,,,,,,,
1946-12-01,,,,,,,,,,,,,
1947-01-01,21.48,,,,,,,,243.164,2182.681,,,
1947-02-01,21.62,,,,,,,,,,,,
1947-03-01,22.0,,,,,,,,,,,,
1947-04-01,22.0,,,,,,,,245.968,2176.892,,,
1947-05-01,21.95,,,,,,,,,,,,
1947-06-01,22.08,,,,,38514.0,,,,,,,
1947-07-01,22.23,,,,,,,,249.585,2172.432,,,
1947-08-01,22.4,,,,,,,,,,,,
1947-09-01,22.84,,,,,,,,,,,,
1947-10-01,22.91,,,,,,,,259.745,2206.452,,,
1947-11-01,23.06,,,,,,,,,,,,
1947-12-01,23.41,,,,,,,,,,,,
1948-01-01,23.68,,,,,,,,265.742,2239.682,3.4,58.6,
1948-02-01,23.67,,,,,,,,,,3.8,58.9,
1948-03-01,23.5,,,,,,,,,,4.0,58.5,
1948-04-01,23.82,,,,,,,,272.567,2276.69,3.9,59.0,
1948-05-01,24.01,,,,,,,,,,3.5,58.3,
1948-06-01,24.15,,,,,41560.0,,,,,3.6,59.2,
1948-07-01,24.4,,,,,,,,279.196,2289.77,3.6,59.3,
1948-08-01,24.43,,,,,,,,,,3.9,58.9,
1948-09-01,24.36,,,,,,,,,,3.8,58.9,
1948-10-01,24.31,,,,,,,,280.366,2292.364,3.7,58.7,
1948-11-01,24.16,,,,,,,,,,3.8,58.7,
1948-12-01,24.05,,,,,,,,,,4.0,59.1,
1949-01-01,24.01,,,,,,,,275.034,2260.807,4.3,58.7,
1949-02-01,23.91,,,,,,,,,,4.7,59.0,
1949-03-01,23.91,,,,,,,,,,5.0,58.9,
1949-04-01,23.92,,,,,,,,271.351,2253.128,5.3,58.8,
1949-05-01,23.91,,,,,,,,,,6.1,59.0,
1949-06-01,23.92,,,,,39415.0,,,,,6.2,58.6,
1949-07-01,23.7,,,,,,,,272.889,2276.424,6.7,58.9,
1949-08-01,23.7,,,,,,,,,,6.8,59.2,
1949-09-01,23.75,,,,,,,,,,6.6,59.1,
1949-10-01,23.67,,,,,,,,270.627,2257.352,7.9,59.6,
1949-11-01,23.7,,,,,,,,,,6.4,59.4,
1949-12-01,23.61,,,,,,,,,,6.6,59.2,
1950-01-01,23.51,,,,,,,,280.828,2346.104,6.5,58.9,
1950-02-01,23.61,,,,,,,,,,6.4,58.9,
1950-03-01,23.64,,,,,,,,,,6.3,58.8,
1950-04-01,23.65,,,,,,,,290.383,2417.682,5.8,59.2,
1950-05-01,23.77,,,,,,,,,,5.5,59.1,
1950-06-01,23.88,,,,,39443.0,,,,,5.4,59.4,
1950-07-01,24.07,,,,,,,,308.153,2511.127,5.0,59.1,
1950-08-01,24.2,,,,,,,,,,4.5,59.5,
1950-09-01,24.34,,,,,,,,,,4.4,59.2,
1950-10-01,24.5,,,,,,,,319.945,2559.214,4.2,59.4,
1950-11-01,24.6,,,,,,,,,,4.2,59.3,
1950-12-01,24.98,,,,,,,,,,4.3,59.2,
1951-01-01,25.38,,,,,,,,336.0,2593.967,3.7,59.1,
1951-02-01,25.83,,,,,,,,,,3.4,59.1,
1951-03-01,25.88,,,,,,,,,,3.4,59.8,
1951-04-01,25.92,,,,,,,,344.09,2638.898,3.1,59.1,
1951-05-01,25.99,,,,,,,,,,3.0,59.4,
1951-06-01,25.93,,,,,51616.0,,,,,3.2,59.0,
1951-07-01,25.91,,,,,,,,351.385,2693.259,3.1,59.4,
1951-08-01,25.86,,,,,,,,,,3.1,59.2,
1951-09-01,26.03,,,,,,,,,,3.3,59.1,
1951-10-01,26.16,,,,,,,,356.178,2699.156,3.5,59.4,
1951-11-01,26.32,,,,,,,,,,3.5,59.2,
1951-12-01,26.47,,,,,,,,,,3.1,59.6,
1952-01-01,26.45,,,,,,,,359.82,2727.954,3.2,59.5,
1952-02-01,26.41,,,,,,,,,,3.1,59.5,
1952-03-01,26.39,,,,,,,,,,2.9,58.9,
1952-04-01,26.46,,,,,,,,361.03,2733.8,2.9,58.8,
1952-05-01,26.47,,,,,,,,,,3.0,59.1,
1952-06-01,26.53,,,,,66167.0,,,,,3.0,59.1,
1952-07-01,26.68,,,,,,,,367.701,2753.517,3.2,58.9,
1952-08-01,26.69,,,,,,,,,,3.4,58.7,
1952-09-01,26.63,,,,,,,,,,3.1,59.2,
1952-10-01,26.69,,,,,,,,380.812,2843.941,3.0,58.7,
1952-11-01,26.69,,,,,,,,,,2.8,59.1,
1952-12-01,26.71,,,,,,,,,,2.7,59.2,
1953-01-01,26.64,,,,,,,,387.98,2896.811,2.9,59.5,
1953-02-01,26.59,,,,,,,,,,2.6,59.5,
1953-03-01,26.63,,,,,,,,,,2.6,59.6,
1953-04-01,26.69,,,,,,,,391.749,2919.206,2.7,59.1,
1953-05-01,26.7,,,,,,,,,,2.5,58.6,
1953-06-01,26.77,,,,,69608.0,,,,,2.5,58.9,
1953-07-01,26.79,,,,,,,,391.171,2902.785,2.6,58.9,
1953-08-01,26.85,,,,,,,,,,2.7,58.6,
1953-09-01,26.89,,,,,,,,,,2.9,58.5,
1953-10-01,26.95,,,,,,,,385.97,2858.845,3.1,58.5,
1953-11-01,26.85,,,,,,,,,,3.5,58.6,
1953-12-01,26.87,,,,,,,,,,4.5,58.3,
1954-01-01,26.94,,,,,,,,385.345,2845.192,4.9,58.6,
1954-02-01,26.99,,,,,,,,,,5.2,59.3,
1954-03-01,26.93,,,,,,,,,,5.7,59.1,
1954-04-01,26.86,,,,,,,,386.121,2848.305,5.9,59.2,
1954-05-01,26.93,,,,,,,,,,5.9,58.9,
1954-06-01,26.94,,,,,69701.0,,,,,5.6,58.5,
1954-07-01,26.86,,,,,,0.8,,390.996,2880.482,5.8,58.4,
1954-08-01,26.85,,,,,,1.22,,,,6.0,58.7,
1954-09-01,26.81,,,,,,1.07,,,,6.1,59.2,
1954-10-01,26.72,,,,,,0.85,,399.734,2936.852,5.7,58.8,
1954-11-01,26.78,,,,,,0.83,,,,5.3,58.6,
1954-12-01,26.77,,,,,,1.28,,,,5.0,58.1,
1955-01-01,26.77,,,,,,1.39,,413.073,3020.746,4.9,58.6,
1955-02-01,26.82,,,,,,1.29,,,,4.7,58.4,
1955-03-01,26.79,,,,,,1.35,,,,4.6,58.5,
1955-04-01,26.79,,,,,,1.43,,421.532,3069.91,4.7,59.0,
1955-05-01,26.77,,,,,,1.43,,,,4.3,58.8,
1955-06-01,26.71,,,,,65451.0,1.64,,,,4.2,58.8,
1955-07-01,26.76,,,,,,1.68,,430.221,3111.379,4.0,59.3,
1955-08-01,26.72,,,,,,1.96,,,,4.2,59.7,
1955-09-01,26.85,,,,,,2.18,,,,4.1,59.7,
1955-10-01,26.82,,,,,,2.24,,437.092,3130.068,4.3,59.8,
1955-11-01,26.88,,,,,,2.35,,,,4.2,59.9,
1955-12-01,26.87,,,,,,2.48,,,,4.2,60.2,
1956-01-01,26.83,,,,,,2.45,,439.746,3117.922,4.0,60.2,
1956-02-01,26.86,,,,,,2.5,,,,3.9,59.9,
1956-03-01,26.89,,,,,,2.5,,,,4.2,59.8,
1956-04-01,26.93,,,,,,2.62,,446.01,3143.694,4.0,59.9,
1956-05-01,27.03,,,,,,2.75,,,,4.3,60.2,
1956-06-01,27.15,,,,,74587.0,2.71,,,,4.3,60.1,
1956-07-01,27.29,,,,,,2.75,,451.191,3140.874,4.4,60.1,
1956-08-01,27.31,,,,,,2.73,,,,4.1,60.0,
1956-09-01,27.35,,,,,,2.95,,,,3.9,60.0,
1956-10-01,27.51,,,,,,2.96,,460.463,3192.57,3.9,59.8,
1956-11-01,27.51,,,,,,2.88,,,,4.3,59.8,
1956-12-01,27.63,,,,,,2.94,,,,4.2,59.8,
1957-01-01,27.67,28.5,,,,,2.84,,469.779,3213.011,4.2,59.5,
1957-02-01,27.8,28.6,,,,,3.0,,,,3.9,59.9,
1957-03-01,27.86,28.7,,,,,2.96,,,,3.7,59.8,
1957-04-01,27.93,28.8,,,,,3.0,,472.025,3205.97,3.9,59.5,
1957-05-01,28.0,28.8,,,,,3.0,,,,4.1,59.5,
1957-06-01,28.11,28.9,,,,79990.0,3.0,,,,4.3,59.8,
1957-07-01,28.19,29.0,,,,,2.99,,479.49,3237.386,4.2,60.0,
1957-08-01,28.28,29.0,,,,,3.24,,,,4.1,59.3,
1957-09-01,28.32,29.1,,,,,3.47,,,,4.4,59.6,
1957-10-01,28.32,29.2,,,,,3.5,,474.864,3203.894,4.5,59.5,
1957-11-01,28.41,29.3,,,,,3.28,,,,5.1,59.5,
1957-12-01,28.47,29.3,,,,,2.98,,,,5.2,59.6,
1958-01-01,28.64,29.3,,,,,2.72,,467.54,3120.724,5.8,59.3,
1958-02-01,28.7,29.4,,,,,1.67,,,,6.4,59.3,
1958-03-01,28.87,29.5,,,,,1.2,,,,6.7,59.3,
1958-04-01,28.94,29.5,,,,,1.26,,471.978,3141.224,7.4,59.6,
1958-05-01,28.94,29.5,,,,,0.63,,,,7.4,59.8,
1958-06-01,28.91,29.6,,,,79636.0,0.93,,,,7.3,59.5,
1958-07-01,28.89,29.6,,,,,0.68,,485.841,3213.884,7.5,59.6,
1958-08-01,28.94,29.6,,,,,1.53,,,,7.4,59.8,
1958-09-01,28.91,29.7,,,,,1.76,,,,7.1,59.7,
1958-10-01,28.91,29.7,,,,,1.8,,499.555,3289.032,6.7,59.6,
1958-11-01,28.95,29.8,,,,,2.27,,,,6.2,59.2,
1958-12-01,28.97,29.9,,,,,2.42,,,,6.2,59.2,
1959-01-01,29.01,29.9,,,,,2.48,,510.33,3352.129,6.0,59.3,
1959-02-01,29.0,29.9,,,,,2.43,,,,5.9,59.0,
1959-03-01,28.97,30.0,,,,,2.8,,,,5.6,59.3,
1959-04-01,28.98,30.0,,,,,2.96,,522.653,3427.667,5.2,59.4,
1959-05-01,29.04,30.1,,,,,2.9,,,,5.1,59.2,
1959-06-01,29.11,30.2,,,,79249.0,3.39,,,,5.0,59.2,
1959-07-01,29.15,30.2,,,,,3.47,,525.034,3430.057,5.1,59.4,
1959-08-01,29.18,30.2,,,,,3.5,,,,5.2,59.2,
1959-09-01,29.25,30.3,,,,,3.76,,,,5.5,59.3,
1959-10-01,29.35,30.4,,,,,3.98,,528.6,3439.832,5.7,59.4,
1959-11-01,29.35,30.4,,,,,4.0,,,,5.8,59.1,
1959-12-01,29.41,30.5,,,,,3.99,,,,5.3,59.5,
1960-01-01,29.37,30.5,,,,,3.99,,542.648,3517.181,5.2,59.1,
1960-02-01,29.41,30.6,,,,,3.97,,,,4.8,59.1,
1960-03-01,29.41,30.6,,,,,3.84,,,,5.4,58.5,
1960-04-01,29.54,30.6,,,,,3.92,,541.08,3498.246,5.2,59.5,
1960-05-01,29.57,30.6,,,,,3.85,,,,5.1,59.5,
1960-06-01,29.61,30.7,,,,92492.0,3.32,,,,5.4,59.7,
1960-07-01,29.55,30.6,,,,,3.23,,545.604,3515.385,5.5,59.5,
1960-08-01,29.61,30.6,,,,,2.98,,,,5.6,59.5,
1960-09-01,29.61,30.6,,,,,2.6,,,,5.5,59.7,
1960-10-01,29.75,30.8,,,,,2.47,,540.197,3470.278,6.1,59.4,
1960-11-01,29.78,30.8,,,,,2.44,,,,6.1,59.8,
1960-12-01,29.81,30.7,,,,,1.98,,,,6.6,59.7,
1961-01-01,29.84,30.8,,,,,1.45,,545.018,3493.703,6.6,59.6,
1961-02-01,29.84,30.8,,,,,2.54,,,,6.9,59.6,
1961-03-01,29.84,30.9,,,,,2.02,,,,6.9,59.7,
1961-04-01,29.81,30.9,,,,,1.49,,555.545,3553.021,7.0,59.3,
1961-05-01,29.84,30.9,,,,,1.98,,,,7.1,59.4,
1961-06-01,29.84,31.0,,,,94388.0,1.73,,,,6.9,59.7,
1961-07-01,29.92,31.0,,,,,1.17,,567.664,3621.252,7.0,59.3,
1961-08-01,29.94,31.1,,,,,2.0,,,,6.6,59.3,
1961-09-01,29.98,31.1,,,,,1.88,,,,6.7,59.0,
1961-10-01,29.98,31.1,,,,,2.26,,580.612,3692.289,6.5,59.1,
1961-11-01,29.98,31.2,,,,,2.61,,,,6.1,59.1,
1961-12-01,30.01,31.2,,,,,2.33,,,,6.0,58.8,
1962-01-01,30.04,31.2,,,,,2.15,,594.013,3758.147,5.8,58.8,
1962-02-01,30.11,31.2,,,,,2.37,,,,5.5,59.0,
1962-03-01,30.17,31.3,,,,,2.85,,,,5.6,58.9,
1962-04-01,30.21,31.3,,,,,2.78,,600.366,3792.149,5.6,58.7,
1962-05-01,30.24,31.4,,,,,2.36,,,,5.5,58.9,
1962-06-01,30.21,31.4,,,,99676.0,2.68,,,,5.5,58.8,
1962-07-01,30.22,31.4,,,,,2.71,,609.027,3838.776,5.4,58.5,
1962-08-01,30.28,31.5,,,,,2.93,,,,5.7,59.0,
1962-09-01,30.42,31.5,,,,,2.9,,,,5.6,59.0,
1962-10-01,30.38,31.5,,,,,2.9,,612.28,3851.421,5.4,58.7,
1962-11-01,30.38,31.5,,,,,2.94,,,,5.7,58.5,
1962-12-01,30.38,31.6,,,,,2.93,,,,5.5,58.4,
1963-01-01,30.44,31.5,17800.0,,,,2.92,,621.672,3893.482,5.7,58.6,
1963-02-01,30.48,31.6,,,,,3.0,,,,5.9,58.6,
1963-03-01,30.51,31.7,,,,,2.98,,,,5.7,58.6,
1963-04-01,30.48,31.7,18000.0,,,,2.9,,629.752,3937.183,5.7,58.8,
1963-05-01,30.51,31.7,,,,,3.0,,,,5.9,58.8,
1963-06-01,30.61,31.8,,,,106560.0,2.99,,,,5.6,58.5,
1963-07-01,30.69,31.8,17900.0,,,,3.02,,644.444,4023.755,5.6,58.7,
1963-08-01,30.75,31.9,,,,,3.49,,,,5.4,58.5,
1963-09-01,30.72,31.9,,,,,3.48,,,,5.5,58.7,
1963-10-01,30.75,32.0,18500.0,,,,3.5,,653.938,4050.147,5.5,58.8,
1963-11-01,30.78,32.0,,,,,3.48,,,,5.7,58.8,
1963-12-01,30.88,32.1,,,,,3.38,,,,5.5,58.5,
1964-01-01,30.94,32.2,18500.0,,,,3.48,,669.822,4135.553,5.6,58.6,
1964-02-01,30.91,32.2,,,,,3.48,,,,5.4,58.8,
1964-03-01,30.94,32.2,,,,,3.43,,,,5.4,58.7,
1964-04-01,30.95,32.2,18900.0,,,,3.47,,678.674,4180.592,5.3,59.1,
1964-05-01,30.98,32.2,,,,,3.5,,,,5.1,59.1,
1964-06-01,31.01,32.3,,,,112613.0,3.5,,,,5.2,58.7,
1964-07-01,31.02,32.3,18900.0,,,,3.42,,692.031,4245.918,4.9,58.6,
1964-08-01,31.05,32.3,,,,,3.5,,,,5.0,58.6,
1964-09-01,31.08,32.3,,,,,3.45,,,,5.1,58.7,
1964-10-01,31.12,32.4,19400.0,,,,3.36,,697.319,4259.046,5.1,58.6,
1964-11-01,31.21,32.5,,,,,3.52,,,,4.8,58.5,
1964-12-01,31.25,32.5,,,,,3.85,,,,5.0,58.6,
1965-01-01,31.28,32.6,20200.0,,,,3.9,,717.79,4362.111,4.9,58.6,
1965-02-01,31.28,32.6,,,,,3.98,,,,5.1,58.7,
1965-03-01,31.31,32.6,,,,,4.05,,,,4.7,58.7,
1965-04-01,31.38,32.7,19800.0,,,,4.09,,730.191,4417.225,4.8,58.8,
1965-05-01,31.48,32.7,,,,,4.1,,,,4.6,59.0,
1965-06-01,31.61,32.7,,,,116817.0,4.05,,,,4.6,58.8,
1965-07-01,31.58,32.7,20200.0,,,,4.09,,749.323,4515.427,4.4,59.1,
1965-08-01,31.55,32.7,,,,,4.12,,,,4.4,58.9,
1965-09-01,31.62,32.8,,,,,4.02,,,,4.3,58.7,
1965-10-01,31.65,32.8,20300.0,,,,4.08,,771.857,4619.458,4.2,58.9,
1965-11-01,31.75,32.9,,,,,4.1,,,,4.1,58.8,
1965-12-01,31.85,33.0,,,,,4.32,,,,4.0,59.0,
1966-01-01,31.88,33.0,21000.0,,,,4.42,,795.734,4731.888,4.0,59.0,
1966-02-01,32.08,33.1,,,,,4.6,,,,3.8,58.8,
1966-03-01,32.18,33.1,,,,,4.66,,,,3.8,58.8,
1966-04-01,32.28,33.3,22100.0,,,,4.67,,804.981,4748.046,3.8,59.0,
1966-05-01,32.35,33.4,,,,,4.9,,,,3.9,59.0,
1966-06-01,32.38,33.5,,,,130835.0,5.17,,,,3.8,59.1,
1966-07-01,32.45,33.6,21500.0,,,,5.3,,819.638,4788.254,3.8,59.1,
1966-08-01,32.65,33.7,,,,,5.53,,,,3.8,59.3,
1966-09-01,32.75,33.8,,,,,5.4,,,,3.7,59.3,
1966-10-01,32.85,34.0,21400.0,,,,5.53,,833.302,4827.537,3.7,59.3,
1966-11-01,32.88,34.0,,,,,5.76,,,,3.6,59.6,
1966-12-01,32.92,34.1,,,,,5.4,,,,3.8,59.5,
1967-01-01,32.9,34.2,22300.0,,,,4.94,,844.17,4870.299,3.9,59.5,
1967-02-01,33.0,34.2,,,,,5.0,,,,3.8,59.3,
1967-03-01,33.0,34.3,,,,,4.53,,,,3.8,59.1,
1967-04-01,33.1,34.4,23300.0,,,,4.05,,848.983,4873.287,3.8,59.4,
1967-05-01,33.1,34.5,,,,,3.94,,,,3.8,59.3,
1967-06-01,33.3,34.6,,,,148822.0,3.98,,,,3.9,59.6,
1967-07-01,33.4,34.7,22500.0,,,,3.79,,865.233,4919.392,3.8,59.6,
1967-08-01,33.5,34.9,,,,,3.9,,,,3.8,59.7,
1967-09-01,33.6,35.0,,,,,3.99,,,,3.8,59.7,
1967-10-01,33.7,35.1,22900.0,,,,3.88,,881.439,4956.477,4.0,59.9,
1967-11-01,33.9,35.2,,,,,4.13,,,,3.9,59.8,
1967-12-01,34.0,35.4,,,,,4.51,,,,3.8,59.9,
1968-01-01,34.1,35.5,23900.0,,,,4.61,,909.387,5057.553,3.7,59.2,
1968-02-01,34.2,35.7,,,,,4.71,,,,3.8,59.6,
1968-03-01,34.3,35.8,,,,,5.05,,,,3.7,59.6,
1968-04-01,34.4,35.9,24900.0,,,,5.76,,934.344,5142.033,3.5,59.5,
1968-05-01,34.5,36.0,,,,,6.12,,,,3.5,59.9,
1968-06-01,34.7,36.2,,,,152973.0,6.07,,,,3.7,60.0,
1968-07-01,34.9,36.4,24800.0,,,,6.03,,950.825,5181.859,3.7,59.8,
1968-08-01,35.0,36.5,,,,,6.03,,,,3.5,59.6,
1968-09-01,35.1,36.7,,,,,5.78,,,,3.4,59.5,
1968-10-01,35.3,36.9,25600.0,,,,5.91,,968.03,5202.212,3.4,59.5,
1968-11-01,35.4,37.1,,,,,5.82,,,,3.4,59.6,
1968-12-01,35.6,37.2,,,,,6.02,,,,3.4,59.7,
1969-01-01,35.7,37.3,25700.0,,,,6.3,,993.337,5283.597,3.4,59.6,
1969-02-01,35.8,37.6,,,,,6.61,,,,3.4,60.0,
1969-03-01,36.1,37.8,,,,,6.79,,,,3.4,59.9,
1969-04-01,36.3,38.1,25900.0,,,,7.41,,1009.02,5299.625,3.4,60.0,
1969-05-01,36.4,38.1,,,,,8.67,,,,3.4,59.8,
1969-06-01,36.6,38.3,,,,186882.0,8.9,,,,3.5,60.1,
1969-07-01,36.8,38.5,25900.0,,,,8.61,,1029.956,5334.6,3.5,60.1,
1969-08-01,36.9,38.7,,,,,9.19,,,,3.5,60.3,
1969-09-01,37.1,38.9,,,,,9.15,,,,3.7,60.3,
1969-10-01,37.3,39.1,24900.0,,,,9.0,,1038.147,5308.556,3.7,60.4,
1969-11-01,37.5,39.2,,,,,8.85,,,,3.5,60.2,
1969-12-01,37.7,39.4,,,,,8.97,,,,3.5,60.2,
1970-01-01,37.9,39.6,23900.0,,,,8.98,,1051.2,5300.652,3.9,60.4,
1970-02-01,38.1,39.8,,,,,8.98,,,,4.2,60.4,
1970-03-01,38.3,40.1,,,,,7.76,,,,4.4,60.6,
1970-04-01,38.5,40.4,24400.0,,,,8.1,,1067.375,5308.164,4.6,60.6,
1970-05-01,38.6,40.5,,,,,7.95,,,,4.8,60.3,
1970-06-01,38.8,40.8,,,,192807.0,7.61,,,,4.9,60.2,
1970-07-01,38.9,40.9,23000.0,,,,7.21,,1086.059,5357.077,5.0,60.4,
1970-08-01,39.0,41.1,,,,,6.62,,,,5.1,60.3,
1970-09-01,39.2,41.3,,,,,6.29,,,,5.4,60.2,
1970-10-01,39.4,41.5,22600.0,,,,6.2,,1088.608,5299.672,5.5,60.4,
1970-11-01,39.6,41.8,,,,,5.6,,,,5.9,60.4,
1970-12-01,39.8,42.0,,,,,4.9,,,,6.1,60.4,
1971-01-01,39.9,42.1,24300.0,,,,4.14,,1135.156,5443.619,5.9,60.4,
1971-02-01,39.9,42.2,,,,,3.72,,,,5.9,60.1,
1971-03-01,40.0,42.2,,,,,3.71,,,,6.0,60.0,
1971-04-01,40.1,42.4,25800.0,,7.31,,4.16,,1156.271,5473.059,5.9,60.1,
1971-05-01,40.3,42.6,,,7.425,,4.63,,,,5.9,60.2,
1971-06-01,40.5,42.8,,,7.529999999999999,187139.0,4.91,,,,5.9,59.8,
1971-07-01,40.6,42.9,25300.0,,7.604000000000001,,5.31,,1177.675,5518.072,6.0,60.1,
1971-08-01,40.7,43.0,,,7.6975,,5.57,,,,6.1,60.2,
1971-09-01,40.8,43.0,,,7.6875,,5.55,,,,6.0,60.1,
1971-10-01,40.9,43.1,25500.0,,7.628,,5.2,,1190.297,5531.032,5.8,60.1,
1971-11-01,41.0,43.2,,,7.55,,4.91,,,,6.0,60.4,
1971-12-01,41.1,43.3,,,7.4799999999999995,,4.14,,,,6.0,60.4,
1972-01-01,41.2,43.5,26200.0,,7.4375,,3.51,,1230.609,5632.649,5.8,60.2,
1972-02-01,41.4,43.6,,,7.324999999999999,,3.3,,,,5.7,60.2,
1972-03-01,41.4,43.6,,,7.298,,3.83,,,,5.8,60.5,
1972-04-01,41.5,43.8,26800.0,,7.29,,4.17,,1266.369,5760.47,5.7,60.4,
1972-05-01,41.6,43.9,,,7.3725000000000005,,4.27,,,,5.7,60.4,
1972-06-01,41.7,44.0,,,7.372,207309.0,4.46,,,,5.7,60.4,
1972-07-01,41.8,44.1,27900.0,,7.3950000000000005,,4.55,,1290.566,5814.854,5.6,60.4,
1972-08-01,41.9,44.3,,,7.4,,4.81,,,,5.6,60.6,
1972-09-01,42.1,44.3,,,7.42,,4.87,,,,5.5,60.4,
1972-10-01,42.2,44.4,29200.0,,7.42,,5.05,,1328.904,5912.22,5.6,60.3,
1972-11-01,42.4,44.4,,,7.4275,,5.06,,,,5.3,60.3,
1972-12-01,42.5,44.6,,,7.442,,5.33,,,,5.2,60.5,
1973-01-01,42.7,44.6,30200.0,,7.4375,,5.94,,1377.49,6058.544,4.9,60.0,
1973-02-01,43.0,44.8,,,7.4399999999999995,,6.58,,,,5.0,60.5,
1973-03-01,43.4,45.0,,,7.458,,7.09,,,,4.9,60.8,
1973-04-01,43.7,45.1,32700.0,,7.5424999999999995,,7.12,,1413.887,6124.506,5.0,60.8,
1973-05-01,43.9,45.3,,,7.6525,,7.84,,,,4.9,60.6,
1973-06-01,44.2,45.4,,,7.734,230799.0,8.49,,,,4.9,60.9,
1973-07-01,44.2,45.5,33500.0,,8.05,,10.4,,1433.838,6092.301,4.8,60.9,
1973-08-01,45.0,45.7,,,8.496,,10.5,,,,4.8,60.7,
1973-09-01,45.2,46.0,,,8.815,,10.78,,,,4.8,60.8,
1973-10-01,45.6,46.3,34000.0,,8.77,,10.01,,1476.289,6150.131,4.6,60.9,
1973-11-01,45.9,46.5,,,8.581999999999999,,10.03,,,,4.8,61.2,
1973-12-01,46.3,46.7,,,8.5375,,9.95,,,,4.9,61.2,
1974-01-01,46.8,46.9,35200.0,,8.54,,9.65,,1491.209,6097.258,5.1,61.3,
1974-02-01,47.3,47.2,,,8.455,,8.97,,,,5.2,61.4,
1974-03-01,47.8,47.6,,,8.406,,9.35,,,,5.1,61.3,
1974-04-01,48.1,47.9,35600.0,,8.5825,,10.51,,1530.056,6111.751,5.1,61.1,
1974-05-01,48.6,48.5,,,8.972,,11.31,,,,5.1,61.2,
1974-06-01,49.0,49.0,,,9.085,263224.0,11.93,,,,5.4,61.2,
1974-07-01,49.3,49.5,36200.0,,9.28,,12.92,,1560.026,6053.978,5.5,61.4,
1974-08-01,49.9,50.2,,,9.586,,12.01,,,,5.5,61.2,
1974-09-01,50.6,50.7,,,9.9575,,11.34,,,,5.9,61.4,
1974-10-01,51.0,51.2,37200.0,,9.9775,,10.06,,1599.679,6030.464,6.0,61.3,
1974-11-01,51.5,51.6,,,9.788,,9.45,,,,6.6,61.3,
1974-12-01,51.9,52.0,,,9.615,,8.53,,,,7.2,61.2,
1975-01-01,52.3,52.3,38100.0,,9.431999999999999,,7.13,,1616.116,5957.035,8.1,61.4,
1975-02-01,52.6,52.8,,,9.105,,6.24,,,,8.1,61.0,
1975-03-01,52.8,53.0,,,8.9025,,5.54,,,,8.6,61.2,
1975-04-01,53.0,53.3,39000.0,,8.82,,5.49,,1651.853,5999.61,8.8,61.3,
1975-05-01,53.1,53.5,,,8.906,,5.22,,,,9.0,61.5,
1975-06-01,53.5,53.8,,,8.8925,279090.0,5.55,,,,8.8,61.2,
1975-07-01,54.0,54.0,38800.0,,8.89,,6.1,,1709.82,6102.326,8.6,61.3,
1975-08-01,54.2,54.2,,,8.942,,6.14,,,,8.4,61.3,
1975-09-01,54.6,54.5,,,9.13,,6.24,,,,8.4,61.2,
1975-10-01,54.9,54.8,41200.0,,9.224,,5.82,,1761.831,6184.53,8.4,61.2,
1975-11-01,55.3,55.2,,,9.145,,5.22,,,,8.3,61.1,
1975-12-01,55.6,55.5,,,9.0975,,5.2,,,,8.2,61.1,
1976-01-01,55.8,55.9,42800.0,,9.016,,4.87,,1820.487,6323.649,7.9,61.3,
1976-02-01,55.9,56.2,,,8.8125,,4.77,,,,7.7,61.3,
1976-03-01,56.0,56.5,,,8.754999999999999,,4.84,,,,7.6,61.3,
1976-04-01,56.1,56.7,44200.0,,8.73,,4.82,,1852.332,6370.025,7.7,61.6,
1976-05-01,56.4,57.0,,,8.765,,5.29,,,,7.4,61.5,
1976-06-01,56.7,57.2,,,8.8475,298060.0,5.48,0.8013636363636363,,,7.6,61.5,
1976-07-01,57.0,57.6,44400.0,,8.934000000000001,,5.31,0.981904761904762,1886.558,6404.895,7.8,61.8,
1976-08-01,57.3,57.9,,,9.0,,5.29,1.1372727272727272,,,7.8,61.8,
1976-09-01,57.6,58.2,,,8.977500000000001,,5.25,1.178095238095238,,,7.6,61.6,
1976-10-01,57.9,58.5,45500.0,,8.93,,5.02,1.427,1934.273,6451.177,7.7,61.6,
1976-11-01,58.1,58.7,,,8.8125,,4.95,1.4810526315789474,,,7.8,61.9,
1976-12-01,58.4,58.9,,,8.792,,4.65,1.4922727272727272,,,7.8,61.8,
1977-01-01,58.7,59.3,46300.0,,8.7225,,4.61,1.3138095238095238,1988.648,6527.703,7.5,61.6,
1977-02-01,59.3,59.7,,,8.67,,4.68,1.3026315789473684,,,7.6,61.9,
1977-03-01,59.6,60.0,,,8.6875,,4.69,1.3734782608695653,,,7.4,62.0,
1977-04-01,60.0,60.3,48900.0,,8.751999999999999,,4.73,1.407,2055.909,6654.466,7.2,62.1,
1977-05-01,60.2,60.6,,,8.8275,,5.35,1.2019047619047618,,,7.0,62.2,
1977-06-01,60.5,61.0,,,8.8575,,5.39,1.1481818181818182,,,7.2,62.4,
1977-07-01,60.8,61.2,48800.0,,8.941999999999998,,5.42,1.055263157894737,2118.473,6774.457,6.9,62.1,
1977-08-01,61.1,61.5,,,8.94,,5.9,0.7852173913043478,,,7.0,62.3,
1977-09-01,61.3,61.8,,,8.896,355559.0,6.14,0.6295238095238096,,,6.8,62.3,
1977-10-01,61.6,62.0,51600.0,,8.9225,,6.47,0.4175,2164.27,6774.592,6.8,62.4,
1977-11-01,62.0,62.3,,,8.9225,,6.51,0.43473684210526314,,,6.8,62.8,
1977-12-01,62.3,62.7,,,8.959999999999999,,6.56,0.5085714285714286,,,6.4,62.7,
1978-01-01,62.7,63.1,53000.0,,9.015,,6.7,0.47047619047619044,2202.76,6796.26,6.4,62.8,
1978-02-01,63.0,63.4,,,9.145,,6.78,0.4683333333333333,,,6.3,62.7,
1978-03-01,63.4,63.8,,,9.202000000000002,,6.79,0.46090909090909093,,,6.3,62.8,
1978-04-01,63.9,64.3,55300.0,,9.355,,6.89,0.4105,2331.633,7058.92,6.1,63.0,
1978-05-01,64.5,64.7,,,9.5725,,7.36,0.3395238095238095,,,6.0,63.1,
1978-06-01,65.0,65.2,,,9.708,,7.6,0.22272727272727275,,,5.9,63.3,
1978-07-01,65.5,65.6,56100.0,,9.74,,7.81,0.15050000000000002,2395.053,7129.915,6.2,63.2,
1978-08-01,65.9,66.1,,,9.785,,8.04,0.044347826086956525,,,5.9,63.2,
1978-09-01,66.5,66.7,,,9.756,399561.0,8.45,-0.149,,,6.0,63.3,
1978-10-01,67.1,67.2,59000.0,,9.8575,,8.96,-0.21142857142857144,2476.949,7225.75,5.8,63.3,
1978-11-01,67.5,67.6,,,10.1075,,9.76,-0.6195,,,5.9,63.5,
1978-12-01,67.9,68.0,,,10.346,,10.03,-0.709,,,6.0,63.6,
1979-01-01,68.5,68.5,60600.0,,10.39,,10.07,-0.7604545454545455,2526.61,7238.727,5.9,63.6,
1979-02-01,69.2,69.2,,,10.4075,,10.06,-0.6183333333333333,,,5.9,63.8,
1979-03-01,69.9,69.8,,,10.425999999999998,,10.09,-0.6722727272727272,,,5.8,63.8,
1979-04-01,70.6,70.3,63100.0,,10.4975,,10.01,-0.5965,2591.247,7246.454,5.8,63.5,
1979-05-01,71.4,70.8,,,10.69,,10.24,-0.5314285714285715,,,5.6,63.3,
1979-06-01,72.2,71.3,,,11.036,,10.29,-0.3066666666666667,,,5.7,63.5,
1979-07-01,73.0,71.9,64700.0,,11.092500000000001,,10.47,-0.18761904761904763,2667.565,7300.281,5.7,63.6,
1979-08-01,73.7,72.7,,,11.094,,10.94,-0.42913043478260865,,,6.0,63.6,
1979-09-01,74.4,73.3,,,11.3,463302.0,11.43,-0.7215789473684211,,,5.9,63.8,
1979-10-01,75.2,74.0,62600.0,,11.6375,,13.77,-1.1904545454545454,2723.883,7318.535,6.0,63.7,
1979-11-01,76.0,74.8,,,12.830000000000002,,13.18,-1.1552631578947368,,,5.9,63.7,
1979-12-01,76.9,75.7,,,12.9,,13.78,-1.0045,,,6.0,63.9,
1980-01-01,78.0,76.7,63700.0,,12.8775,,13.82,-0.6959090909090909,2789.842,7341.557,6.3,64.0,
1980-02-01,79.0,77.5,,,13.040000000000001,,14.13,-1.0036842105263157,,,6.3,64.0,
1980-03-01,80.1,78.6,,,15.2825,,17.19,-2.1357142857142857,,,6.3,63.7,
1980-04-01,80.9,79.5,64000.0,,16.325000000000003,,17.61,-1.0285714285714287,2797.352,7190.289,6.9,63.8,
1980-05-01,81.7,80.1,,,14.262,,10.98,0.7314285714285714,,,7.5,63.9,
1980-06-01,82.5,81.0,,,12.71,,9.47,1.05,,,7.6,63.7,
1980-07-01,82.6,80.8,64900.0,,12.192499999999999,,9.03,1.2181818181818183,2856.483,7181.743,7.8,63.8,
1980-08-01,83.2,81.3,,,12.559999999999999,,9.61,0.5742857142857143,,,7.7,63.7,
1980-09-01,83.9,82.1,,,13.1975,517112.0,10.87,-0.0661904761904762,,,7.5,63.6,
1980-10-01,84.7,83.0,66400.0,,13.791999999999998,,12.81,-0.33681818181818185,2985.557,7315.677,7.5,63.7,
1980-11-01,85.6,83.9,,,14.205,,15.85,-0.8294117647058823,,,7.5,63.8,
1980-12-01,86.4,84.9,,,14.79,,18.9,-1.2327272727272727,,,7.2,63.6,
1981-01-01,87.2,85.4,66800.0,,14.904,,19.08,-0.6938095238095239,3124.206,7459.022,7.5,63.9,
1981-02-01,88.0,85.9,,,15.1325,,15.93,-0.7244444444444444,,,7.4,63.9,
1981-03-01,88.6,86.4,,,15.4,,14.7,-0.45272727272727276,,,7.4,64.1,
1981-04-01,89.1,87.0,69400.0,,15.58,,15.72,-0.47190476190476194,3162.532,7403.745,7.2,64.2,
1981-05-01,89.7,87.8,,,16.402,,18.52,-1.3575,,,7.5,64.3,
1981-06-01,90.5,88.6,,,16.695,,19.1,-1.0336363636363637,,,7.5,63.7,
1981-07-01,91.5,89.8,69200.0,,16.832,,19.04,-1.0731818181818182,3260.609,7492.405,7.2,63.8,
1981-08-01,92.2,90.7,,,17.285,,17.82,-1.3476190476190477,,,7.4,63.8,
1981-09-01,93.1,91.8,,,18.16,599272.0,15.87,-1.1338095238095238,,,7.6,63.5,
1981-10-01,93.4,92.1,70400.0,,18.454,,15.08,-0.3947619047619047,3280.818,7410.768,7.9,63.8,
1981-11-01,93.8,92.5,,,17.825,,13.31,0.5111111111111111,,,8.3,63.9,
1981-12-01,94.1,93.0,,,16.945999999999998,,12.37,0.43409090909090914,,,8.5,63.6,
1982-01-01,94.4,93.3,66400.0,,17.485,,13.22,0.026000000000000002,3274.302,7295.631,8.6,63.7,
1982-02-01,94.7,93.8,,,17.5975,,14.78,-0.3977777777777778,,,8.9,63.8,
1982-03-01,94.7,93.9,,,17.16,,14.68,-0.33304347826086955,,,9.0,63.8,
1982-04-01,95.0,94.7,69600.0,,16.892,,14.94,-0.3304761904761905,3331.972,7328.912,9.3,63.9,
1982-05-01,95.9,95.4,,,16.677500000000002,,14.45,-0.15450000000000003,,,9.4,64.2,
1982-06-01,97.0,96.1,,,16.697499999999998,,14.15,-0.1659090909090909,,,9.6,63.9,
1982-07-01,97.5,96.7,69300.0,,16.816,,12.59,0.14904761904761904,3366.322,7300.896,9.8,64.0,
1982-08-01,97.7,97.1,,,16.27,,10.12,0.7313636363636363,,,9.8,64.1,
1982-09-01,97.7,97.2,,,15.43,617766.0,10.31,0.5557142857142857,,,10.1,64.1,
1982-10-01,98.1,97.5,71600.0,,14.608,,9.71,0.719,3402.561,7303.817,10.4,64.1,
1982-11-01,98.0,97.3,,,13.825,,9.2,0.7547368421052632,,,10.8,64.2,
1982-12-01,97.7,97.2,,,13.624,,8.95,0.8777272727272727,,,10.8,64.1,
1983-01-01,97.9,97.6,73300.0,,13.2475,,8.68,1.1295238095238094,3473.413,7400.066,10.4,63.9,
1983-02-01,98.0,98.0,,,13.0425,,8.51,1.088421052631579,,,10.4,63.8,
1983-03-01,98.1,98.2,,,12.8,,8.77,0.8504347826086956,,,10.3,63.7,
1983-04-01,98.8,98.6,74900.0,,12.782,,8.8,0.8320000000000001,3578.848,7568.456,10.2,63.8,
1983-05-01,99.2,98.9,,,12.6325,,8.63,0.8909523809523809,,,10.1,63.7,
1983-06-01,99.4,99.2,,,12.870000000000001,,8.98,0.6668181818181819,,,10.1,64.3,
1983-07-01,99.8,99.8,77400.0,,13.422,,9.37,0.692,3689.179,7719.746,9.4,64.1,
1983-08-01,100.1,100.1,,,13.81,,9.56,0.7756521739130434,,,9.5,64.3,
1983-09-01,100.4,100.5,,,13.725999999999999,600562.0,9.45,0.8638095238095238,,,9.2,64.3,
1983-10-01,100.8,101.0,75900.0,,13.535,,9.48,0.97,3794.706,7880.794,8.8,64.0,
1983-11-01,101.1,101.5,,,13.435,,9.34,1.0257894736842106,,,8.5,64.1,
1983-12-01,101.4,101.8,,,13.419999999999998,,9.47,0.9928571428571429,,,8.3,64.1,
1984-01-01,102.1,102.5,78200.0,,13.3675,,9.56,1.0319047619047619,3908.054,8034.847,8.0,63.9,22420.0
1984-02-01,102.6,102.8,,,13.2325,,9.59,1.056842105263158,,,7.8,64.1,
1984-03-01,102.9,103.2,,,13.386000000000001,,9.91,1.0045454545454546,,,7.8,64.1,
1984-04-01,103.3,103.7,80700.0,,13.6525,,10.29,0.9475,4009.601,8173.67,7.7,64.3,
1984-05-01,103.5,104.1,,,13.942499999999999,,10.32,0.9386363636363636,,,7.4,64.5,
1984-06-01,103.7,104.5,,,14.416,,11.06,0.6561904761904762,,,7.2,64.6,
1984-07-01,104.1,105.0,81000.0,,14.6675,,11.23,0.4847619047619047,4084.25,8252.465,7.5,64.6,
1984-08-01,104.4,105.4,,,14.469999999999999,,11.64,0.2817391304347826,,,7.5,64.4,
1984-09-01,104.7,105.8,,,14.35,666438.0,11.3,0.3178947368421053,,,7.3,64.4,
1984-10-01,105.1,106.2,79900.0,,14.129999999999999,,9.99,0.5604545454545454,4148.551,8320.199,7.4,64.4,
1984-11-01,105.3,106.4,,,13.638,,9.43,0.9236842105263158,,,7.2,64.5,
1984-12-01,105.5,106.8,,,13.18,,8.38,1.318,,,7.3,64.6,
1985-01-01,105.7,107.1,82800.0,,13.075,,8.35,1.4533333333333334,4230.168,8400.82,7.3,64.7,23620.0
1985-02-01,106.3,107.7,,,12.92,,8.5,1.3433333333333333,,,7.2,64.7,
1985-03-01,106.8,108.1,,,13.169999999999998,,8.58,1.1423809523809523,,,7.2,64.9,
1985-04-01,107.0,108.4,84300.0,,13.195,,8.27,1.3457142857142859,4294.887,8474.787,7.3,64.9,
1985-05-01,107.2,108.8,,,12.913999999999998,,7.97,1.4527272727272729,,,7.2,64.8,
1985-06-01,107.5,109.1,,,12.215,,7.53,1.468,,,7.4,64.6,
1985-07-01,107.7,109.4,83200.0,,12.032499999999999,,7.88,1.5336363636363637,4386.773,8604.22,7.4,64.7,
1985-08-01,107.9,109.8,,,12.186,,7.9,1.3881818181818182,,,7.1,64.6,
1985-09-01,108.1,110.0,,,12.1925,734037.0,7.92,1.39,,,7.1,64.9,
1985-10-01,108.5,110.5,86800.0,,12.135,,7.99,1.3722727272727273,4444.094,8668.188,7.1,65.0,
1985-11-01,109.0,111.1,,,11.784,,8.05,1.2005263157894737,,,7.0,64.9,
1985-12-01,109.5,111.4,,,11.26,,8.27,1.1123809523809522,,,7.0,65.0,
1986-01-01,109.9,111.9,88000.0,,10.886,,8.14,1.0514285714285716,4507.894,8749.127,6.7,64.9,24900.0
1986-02-01,109.7,112.2,,,10.71,,7.86,0.7368421052631579,,,7.2,65.0,
1986-03-01,109.1,112.5,,,10.08,,7.48,0.564,,,7.2,65.1,
1986-04-01,108.7,112.9,92100.0,,9.9375,,6.99,0.604090909090909,4545.34,8788.524,7.1,65.1,
1986-05-01,109.0,113.1,,,10.144,,6.85,0.6423809523809524,,,7.2,65.2,
1986-06-01,109.4,113.4,,,10.6825,,6.92,0.6147619047619047,,,7.2,65.4,
1986-07-01,109.5,113.8,93000.0,,10.5075,,6.56,0.6368181818181818,4607.669,8872.601,7.0,65.4,
1986-08-01,109.6,114.2,,,10.2,,6.17,0.8395238095238095,,,6.9,65.3,
1986-09-01,110.0,114.6,,,10.0075,769155.0,5.89,1.1014285714285714,,,7.0,65.4,
1986-10-01,110.2,115.0,95000.0,,9.974,,5.85,1.1472727272727272,4657.627,8920.193,7.0,65.4,
1986-11-01,110.4,115.3,,,9.695,,6.04,0.9738888888888889,,,6.9,65.4,
1986-12-01,110.8,115.6,,,9.31,,6.91,0.8409090909090909,,,6.6,65.3,
1987-01-01,111.4,115.9,97900.0,63.732,9.203999999999999,,6.43,0.8584999999999999,4722.156,8986.367,6.6,65.4,26060.0
1987-02-01,111.8,116.2,,64.131,9.0825,,6.1,0.8526315789473684,,,6.6,65.5,
1987-03-01,112.2,116.6,,64.467,9.035,,6.13,0.8240909090909091,,,6.6,65.5,
1987-04-01,112.7,117.3,103400.0,64.972,9.8325,,6.37,0.9985714285714286,4806.16,9083.256,6.3,65.4,
1987-05-01,113.0,117.7,,65.546,10.596,,6.85,0.8515,,,6.3,65.7,
1987-06-01,113.5,117.9,,66.217,10.5375,,6.73,0.8290909090909092,,,6.2,65.5,
1987-07-01,113.8,118.3,106000.0,66.785,10.278,,6.58,1.0045454545454546,4884.555,9162.024,6.1,65.6,
1987-08-01,114.3,118.7,,67.269,10.33,,6.73,1.0076190476190476,,,6.0,65.7,
1987-09-01,114.7,119.2,,67.623,10.8875,854287.0,7.22,1.0780952380952382,,,5.9,65.5,
1987-10-01,115.0,119.8,111500.0,67.902,11.26,,7.29,1.1223809523809525,5007.994,9319.332,6.0,65.7,
1987-11-01,115.4,120.1,,68.092,10.65,,6.69,1.167894736842105,,,5.8,65.7,
1987-12-01,115.6,120.4,,68.344,10.64,,6.77,1.13,,,5.7,65.7,
1988-01-01,116.0,120.9,110000.0,68.583,10.3825,,6.83,1.0357894736842106,5073.372,9367.502,5.7,65.8,27230.0
1988-02-01,116.2,121.2,,68.916,9.8925,,6.58,1.0314999999999999,,,5.7,65.9,
1988-03-01,116.5,121.7,,69.325,9.93,,6.58,1.1030434782608696,,,5.7,65.7,
1988-04-01,117.2,122.3,110000.0,69.789,10.202,,6.87,1.129,5190.036,9490.594,5.4,65.8,
1988-05-01,117.5,122.7,,70.408,10.455,,7.09,1.0933333333333333,,,5.6,65.7,
1988-06-01,118.0,123.2,,71.066,10.46,,7.51,0.8954545454545454,,,5.4,65.8,
1988-07-01,118.5,123.6,115000.0,71.684,10.432,,7.75,0.777,5282.835,9546.206,5.4,65.9,
1988-08-01,119.0,124.0,,72.183,10.5975,,8.01,0.6317391304347827,,,5.6,66.1,
1988-09-01,119.5,124.7,,72.572,10.48,909238.0,8.19,0.5138095238095238,,,5.4,65.9,
1988-10-01,119.9,125.2,113900.0,72.82,10.3025,,8.3,0.4415,5399.509,9673.405,5.4,66.0,
1988-11-01,120.3,125.6,,73.063,10.265,,8.35,0.2965,,,5.3,66.2,
1988-12-01,120.7,126.0,,73.276,10.612,,8.76,0.017142857142857144,,,5.3,66.1,
1989-01-01,121.2,126.5,118000.0,73.616,10.73,,9.12,-0.08399999999999999,5511.253,9771.725,5.4,66.5,28910.0
1989-02-01,121.6,126.9,,73.967,10.645,,9.36,-0.2026315789473684,,,5.2,66.3,
1989-03-01,122.2,127.4,,74.41,11.032,,9.85,-0.32181818181818184,,,5.0,66.3,
1989-04-01,123.1,127.8,118900.0,74.867,11.05,,9.84,-0.27599999999999997,5612.463,9846.293,5.2,66.4,
1989-05-01,123.7,128.3,,75.295,10.7725,,9.81,-0.15863636363636366,,,5.2,66.3,
1989-06-01,124.1,128.8,,75.694,10.196,,9.53,-0.1290909090909091,,,5.3,66.5,
1989-07-01,124.5,129.2,120000.0,76.039,9.8825,,9.24,0.199,5695.365,9919.228,5.2,66.5,
1989-08-01,124.5,129.5,,76.269,9.985,,8.99,-0.03217391304347826,,,5.2,66.5,
1989-09-01,124.8,129.9,,76.418,10.126000000000001,991104.0,9.02,-0.094,,,5.3,66.4,
1989-10-01,125.4,130.6,124800.0,76.485,9.9475,,8.84,0.02857142857142857,5747.237,9938.767,5.3,66.5,
1989-11-01,125.9,131.1,,76.518,9.7675,,8.55,0.07857142857142857,,,5.4,66.6,
1989-12-01,126.3,131.6,,76.496,9.744,,8.45,0.059,,,5.4,66.5,
1990-01-01,127.5,132.1,123900.0,76.527,9.895,,8.23,0.12142857142857141,5872.701,10047.386,5.4,66.8,29940.0
1990-02-01,128.0,132.7,,76.587,10.1975,,8.24,0.10263157894736842,,,5.3,66.7,
1990-03-01,128.6,133.5,,76.79,10.268,,8.28,-0.038181818181818185,,,5.2,66.7,
1990-04-01,128.9,134.0,126800.0,77.039,10.370000000000001,,8.26,0.0615,5960.028,10083.855,5.4,66.6,
1990-05-01,129.1,134.4,,77.297,10.4775,,8.18,0.11590909090909092,,,5.4,66.6,
1990-06-01,129.9,135.1,,77.504,10.164,,8.29,0.12904761904761905,,,5.2,66.4,
1990-07-01,130.5,135.8,117000.0,77.559,10.035,,8.15,0.3142857142857143,6015.116,10090.569,5.5,66.5,
1990-08-01,131.6,136.6,,77.478,10.1,,8.13,0.691304347826087,,,5.7,66.5,
1990-09-01,132.5,137.1,,77.227,10.175,1031958.0,8.2,0.8136842105263158,,,5.9,66.4,
1990-10-01,133.4,137.6,121500.0,76.911,10.1775,,8.11,0.8418181818181818,6004.733,9998.704,5.9,66.4,
1990-11-01,133.7,138.0,,76.379,10.014,,7.81,0.7935,,,6.2,66.4,
1990-12-01,134.2,138.6,,75.97,9.6725,,7.31,0.761,,,6.3,66.4,
1991-01-01,134.7,139.5,120000.0,75.532,9.6375,,6.91,0.9676190476190476,6035.178,9951.916,6.4,66.2,30130.0
1991-02-01,134.8,140.2,,75.248,9.365,,6.25,0.9878947368421053,,,6.6,66.2,
1991-03-01,134.8,140.5,,75.133,9.5,,6.12,1.0070000000000001,,,6.8,66.3,
1991-04-01,135.1,140.9,119900.0,75.315,9.4925,,5.91,1.0909090909090908,6126.862,10029.51,6.7,66.4,
1991-05-01,135.6,141.3,,75.764,9.472,,5.78,1.2840909090909092,,,6.9,66.2,
1991-06-01,136.0,141.8,,76.252,9.615,,5.9,1.328,,,6.9,66.2,
1991-07-01,136.2,142.3,120000.0,76.512,9.575,,5.82,1.355,6205.937,10080.195,6.8,66.1,
1991-08-01,136.6,142.9,,76.589,9.244,,5.66,1.466818181818182,,,6.9,66.0,
1991-09-01,137.0,143.4,,76.574,9.0075,1054988.0,5.45,1.4685000000000001,,,6.9,66.2,
1991-10-01,137.2,143.7,120000.0,76.286,8.855,,5.21,1.615,6264.54,10115.329,7.0,66.1,
1991-11-01,137.8,144.2,,76.028,8.712,,4.81,1.858421052631579,,,7.0,66.1,
1991-12-01,138.2,144.7,,75.838,8.497499999999999,,4.43,2.0628571428571427,,,7.3,66.0,
1992-01-01,138.3,145.1,119500.0,75.702,8.431999999999999,,4.03,2.0742857142857143,6363.102,10236.435,7.3,66.3,30640.0
1992-02-01,138.6,145.4,,75.657,8.7625,,4.06,2.1257894736842107,,,7.4,66.2,
1992-03-01,139.1,145.9,,75.815,8.935,,3.98,1.8572727272727272,,,7.4,66.4,
1992-04-01,139.4,146.3,120000.0,76.08,8.8525,,3.73,2.136190476190476,6470.763,10347.429,7.4,66.5,
1992-05-01,139.7,146.8,,76.397,8.672,,3.82,2.1665,,,7.6,66.6,
1992-06-01,140.1,147.1,,76.601,8.51,,3.76,2.213636363636364,,,7.8,66.7,
1992-07-01,140.5,147.6,120000.0,76.71,8.128,,3.25,2.489090909090909,6566.641,10449.673,7.7,66.7,
1992-08-01,140.8,147.9,,76.731,7.975,,3.3,2.392857142857143,,,7.6,66.6,
1992-09-01,141.1,148.1,,76.628,7.922499999999999,1091208.0,3.22,2.520952380952381,,,7.6,66.5,
1992-10-01,141.7,148.8,126000.0,76.598,8.088,,3.1,2.5061904761904765,6680.803,10558.648,7.3,66.2,
1992-11-01,142.1,149.2,,76.579,8.305,,3.09,2.2936842105263158,,,7.4,66.3,
1992-12-01,142.3,149.6,,76.464,8.206,,2.92,2.096363636363636,,,7.4,66.3,
1993-01-01,142.8,150.1,125000.0,76.395,7.9925,,3.02,2.21,6729.459,10576.275,7.3,66.2,31240.0
1993-02-01,143.1,150.6,,76.327,7.6825,,3.03,2.1605263157894736,,,7.1,66.2,
1993-03-01,143.3,150.8,,76.382,7.495,,3.07,2.0256521739130435,,,7.0,66.2,
1993-04-01,143.8,151.4,127000.0,76.66,7.4719999999999995,,2.96,2.131904761904762,6808.939,10637.847,7.1,66.1,
1993-05-01,144.2,151.8,,77.029,7.465,,3.0,2.0585,,,7.1,66.4,
1993-06-01,144.3,152.1,,77.516,7.4175,,3.04,1.799090909090909,,,7.0,66.5,
1993-07-01,144.5,152.3,127000.0,77.885,7.206,,3.06,1.7333333333333332,6882.098,10688.606,6.9,66.4,
1993-08-01,144.8,152.8,,78.131,7.1125,,3.03,1.6763636363636365,,,6.8,66.4,
1993-09-01,145.0,152.9,,78.199,6.915,1154334.0,3.09,1.512857142857143,,,6.7,66.2,
1993-10-01,145.6,153.4,127000.0,78.173,6.8340000000000005,,2.99,1.4594999999999998,7013.738,10833.987,6.8,66.3,
1993-11-01,146.0,153.9,,78.171,7.155,,3.02,1.5685,,,6.6,66.3,
1993-12-01,146.3,154.3,,78.114,7.172,,2.96,1.5618181818181818,,,6.5,66.4,
1994-01-01,146.3,154.5,130000.0,78.198,7.0600000000000005,,3.05,1.6105,7115.652,10939.116,6.6,66.6,32260.0
1994-02-01,146.7,154.8,,78.204,7.1525,,3.25,1.4989473684210526,,,6.6,66.6,
1994-03-01,147.1,155.3,,78.348,7.675,,3.34,1.4873913043478262,,,6.5,66.5,
1994-04-01,147.2,155.5,130000.0,78.7,8.315999999999999,,3.56,1.4226315789473685,7246.931,11087.361,6.4,66.5,
1994-05-01,147.5,155.9,,79.208,8.5975,,4.01,1.2152380952380952,,,6.1,66.6,
1994-06-01,147.9,156.4,,79.7,8.3975,,4.25,1.17,,,6.1,66.4,
1994-07-01,148.4,156.7,129700.0,80.062,8.614,,4.26,1.168,7331.075,11152.176,6.1,66.4,
1994-08-01,149.0,157.1,,80.316,8.5125,,4.47,1.058695652173913,,,6.0,66.6,
1994-09-01,149.3,157.5,,80.339,8.64,1258566.0,4.73,1.0647619047619048,,,5.9,66.6,
1994-10-01,149.4,157.8,132000.0,80.304,8.925,,4.76,1.0154999999999998,7455.288,11279.932,5.8,66.7,
1994-11-01,149.8,158.2,,80.169,9.17,,5.29,0.8065,,,5.6,66.7,
1994-12-01,150.1,158.3,,80.078,9.198,,5.45,0.22428571428571428,,,5.5,66.7,
1995-01-01,150.5,159.0,130000.0,80.026,9.1475,,5.53,0.2725,7522.289,11319.951,5.6,66.8,34080.0
1995-02-01,150.9,159.4,,79.991,8.8275,,5.92,0.35789473684210527,,,5.4,66.8,
1995-03-01,151.2,159.9,,80.077,8.462,,5.98,0.42913043478260865,,,5.4,66.7,
1995-04-01,151.8,160.4,133900.0,80.369,8.32,,6.05,0.4947368421052632,7580.997,11353.721,5.8,66.9,
1995-05-01,152.1,160.7,,80.691,7.955,,6.01,0.46181818181818185,,,5.6,66.5,
1995-06-01,152.4,161.1,,81.068,7.566,,6.0,0.4522727272727272,,,5.6,66.5,
1995-07-01,152.6,161.4,132000.0,81.411,7.6075,,5.85,0.49799999999999994,7683.125,11450.31,5.7,66.6,
1995-08-01,152.9,161.8,,81.654,7.86,,5.74,0.5073913043478261,,,5.7,66.6,
1995-09-01,153.1,162.2,,81.737,7.636,1351790.0,5.8,0.3915,,,5.6,66.6,
1995-10-01,153.5,162.7,138000.0,81.726,7.475,,5.76,0.3476190476190476,7772.586,11528.067,5.5,66.6,
1995-11-01,153.7,163.0,,81.63,7.3774999999999995,,5.8,0.45142857142857146,,,5.6,66.5,
1995-12-01,153.9,163.1,,81.512,7.2,,5.6,0.387,,,5.6,66.4,
1996-01-01,154.7,163.7,137000.0,81.427,7.029999999999999,,5.56,0.54,7868.468,11614.418,5.6,66.4,35490.0
1996-02-01,155.0,164.0,,81.399,7.075,,5.22,0.78,,,5.5,66.6,
1996-03-01,155.5,164.4,,81.665,7.624,,5.31,0.6076190476190476,,,5.5,66.6,
1996-04-01,156.1,164.6,139900.0,82.123,7.925000000000001,,5.22,0.5540909090909091,8032.84,11808.14,5.6,66.7,
1996-05-01,156.4,165.0,,82.6,8.07,,5.24,0.6418181818181817,,,5.6,66.7,
1996-06-01,156.7,165.4,,83.047,8.32,,5.27,0.615,,,5.3,66.7,
1996-07-01,157.0,165.7,140000.0,83.418,8.245000000000001,,5.4,0.5954545454545455,8131.408,11914.063,5.5,66.9,
1996-08-01,157.2,166.0,,83.644,8.001999999999999,,5.22,0.6063636363636363,,,5.1,66.7,
1996-09-01,157.7,166.5,,83.701,8.23,1453053.0,5.3,0.598,,,5.2,66.9,
1996-10-01,158.2,166.8,144100.0,83.628,7.915,,5.24,0.620909090909091,8259.771,12037.775,5.2,67.0,
1996-11-01,158.7,167.2,,83.555,7.618,,5.31,0.5021052631578947,,,5.4,67.0,
1996-12-01,159.1,167.4,,83.489,7.5975,,5.29,0.5204761904761904,,,5.4,67.0,
1997-01-01,159.4,167.8,145000.0,83.529,7.824,,5.25,0.570952380952381,8362.655,12115.472,5.3,67.0,37010.0
1997-02-01,159.7,168.1,,83.595,7.65,,5.19,0.5210526315789474,,,5.2,66.9,
1997-03-01,159.8,168.4,,83.909,7.8975,,5.39,0.4725,,,5.2,67.1,
1997-04-01,159.9,168.9,145800.0,84.318,8.1425,,5.51,0.43727272727272726,8518.825,12317.221,5.1,67.1,
1997-05-01,159.9,169.2,,84.862,7.944,,5.5,0.4342857142857143,,,4.9,67.1,
1997-06-01,160.2,169.4,,85.397,7.6899999999999995,,5.56,0.3990476190476191,,,5.0,67.1,
1997-07-01,160.4,169.7,145000.0,85.841,7.4975,,5.52,0.32954545454545453,8662.823,12471.01,4.9,67.2,
1997-08-01,160.8,169.8,,86.151,7.4799999999999995,,5.54,0.3595238095238095,,,4.8,67.2,
1997-09-01,161.2,170.2,,86.311,7.43,1579232.0,5.54,0.32666666666666666,,,4.9,67.1,
1997-10-01,161.5,170.6,144200.0,86.408,7.294,,5.5,0.25772727272727275,8765.907,12577.495,4.7,67.1,
1997-11-01,161.7,170.8,,86.632,7.205,,5.52,0.1622222222222222,,,4.6,67.2,
1997-12-01,161.8,171.2,,86.848,7.095000000000001,,5.5,0.09363636363636364,,,4.7,67.2,
1998-01-01,162.0,171.6,152200.0,87.164,6.994,,5.56,0.1875,8866.48,12703.742,4.6,67.1,38890.0
1998-02-01,162.0,171.9,,87.374,7.0425,,5.51,0.1568421052631579,,,4.6,67.1,
1998-03-01,162.0,172.2,,87.878,7.1275,,5.49,0.08590909090909092,,,4.7,67.1,
1998-04-01,162.2,172.5,149500.0,88.558,7.140000000000001,,5.45,0.07333333333333333,8969.699,12821.339,4.3,67.0,
1998-05-01,162.6,172.9,,89.373,7.144,,5.49,0.059,,,4.4,67.0,
1998-06-01,162.8,173.2,,90.193,6.9975000000000005,,5.56,-0.023636363636363636,,,4.5,67.0,
1998-07-01,163.2,173.5,153000.0,90.858,6.952,,5.54,0.0031818181818181815,9121.097,12982.752,4.5,67.0,
1998-08-01,163.4,174.0,,91.405,6.9225,,5.55,0.07333333333333333,,,4.5,67.0,
1998-09-01,163.5,174.2,,91.75,6.7225,1721728.0,5.51,0.14047619047619048,,,4.6,67.2,
1998-10-01,163.9,174.4,153000.0,91.997,6.709999999999999,,5.07,0.43809523809523804,9293.991,13191.67,4.5,67.2,
1998-11-01,164.1,174.8,,92.195,6.865,,4.83,0.28736842105263155,,,4.4,67.1,
1998-12-01,164.4,175.4,,92.442,6.7379999999999995,,4.68,0.13863636363636364,,,4.4,67.2,
1999-01-01,164.7,175.6,157400.0,92.713,6.785,,4.63,0.1068421052631579,9411.682,13315.597,4.3,67.2,40700.0
1999-02-01,164.7,175.6,,92.98,6.8075,,4.76,0.12263157894736842,,,4.4,67.2,
1999-03-01,164.8,175.7,,93.61,7.04,,4.81,0.17956521739130435,,,4.2,67.0,
1999-04-01,165.9,176.3,158700.0,94.435,6.9159999999999995,,4.74,0.20772727272727273,9526.21,13426.748,4.3,67.1,
1999-05-01,166.0,176.5,,95.36,7.145,,4.74,0.28500000000000003,,,4.2,67.1,
1999-06-01,166.0,176.6,,96.363,7.55,,4.76,0.2809090909090909,,,4.3,67.1,
1999-07-01,166.7,177.1,159100.0,97.192,7.632,,4.99,0.23714285714285716,9686.626,13604.771,4.3,67.1,
1999-08-01,167.1,177.3,,97.897,7.9425,,5.07,0.2609090909090909,,,4.2,67.0,
1999-09-01,167.8,177.8,,98.399,7.8225,1827452.0,5.22,0.25333333333333335,,,4.2,67.0,
1999-10-01,168.1,178.1,165300.0,98.831,7.851999999999999,,5.2,0.2495,9900.169,13827.98,4.1,67.0,
1999-11-01,168.4,178.4,,99.147,7.7375,,5.42,0.172,,,4.1,67.1,
1999-12-01,168.8,178.7,,99.541,7.912000000000001,,5.3,0.1709090909090909,,,4.0,67.1,
2000-01-01,169.3,179.3,165300.0,100.0,8.21,,5.45,0.221,10002.179,13878.147,4.0,67.3,41990.0
2000-02-01,170.0,179.4,,100.571,8.325,,5.73,-0.091,,,4.1,67.3,
2000-03-01,171.0,180.0,,101.466,8.24,,5.85,-0.2717391304347826,,,4.0,67.3,
2000-04-01,170.9,180.3,163200.0,102.54,8.1525,,6.02,-0.4131578947368421,10247.72,14130.908,3.8,67.3,
2000-05-01,171.2,180.7,,103.701,8.515,,6.27,-0.3690909090909091,,,4.0,67.1,
2000-06-01,172.2,181.1,,104.856,8.288,,6.53,-0.3845454545454546,,,4.0,67.1,
2000-07-01,172.7,181.5,168800.0,105.723,8.1475,,6.54,-0.28500000000000003,10318.165,14145.312,4.0,66.9,
2000-08-01,172.7,181.9,,106.523,8.0275,,6.5,-0.4026086956521739,,,4.1,66.9,
2000-09-01,173.6,182.3,,107.137,7.912000000000001,2025191.0,6.52,-0.28250000000000003,,,3.9,66.9,
2000-10-01,173.9,182.6,172900.0,107.729,7.795,,6.51,-0.1738095238095238,10435.744,14229.765,3.9,66.8,
2000-11-01,174.2,183.1,,108.292,7.745,,6.51,-0.15809523809523812,,,3.9,66.9,
2000-12-01,174.6,183.3,,108.792,7.382,,6.4,-0.1115,,,3.9,67.0,
2001-01-01,175.6,183.9,169800.0,109.215,7.0325,,5.98,0.40095238095238095,10470.231,14183.12,4.2,67.2,42230.0
2001-02-01,176.0,184.4,,109.643,7.05,,5.49,0.4421052631578948,,,4.2,67.1,
2001-03-01,176.1,184.7,,110.395,6.952,,5.31,0.5431818181818181,,,4.3,67.2,
2001-04-01,176.4,185.1,179000.0,111.247,7.0775,,4.8,0.907,10599.0,14271.694,4.4,66.9,
2001-05-01,177.3,185.3,,112.202,7.145,,4.21,1.1313636363636363,,,4.3,66.7,
2001-06-01,177.7,186.0,,113.272,7.159999999999999,,3.97,1.2042857142857142,,,4.5,66.7,
2001-07-01,177.4,186.4,172500.0,114.228,7.1275,,3.77,1.1976190476190476,10598.02,14214.516,4.6,66.8,
2001-08-01,177.4,186.7,,114.989,6.95,,3.65,1.2139130434782608,,,4.9,66.5,
2001-09-01,178.1,187.1,,115.465,6.8175,1991082.0,3.07,1.6129411764705883,,,5.0,66.8,
2001-10-01,177.6,187.4,171100.0,115.681,6.6175,,2.49,1.8409090909090908,10660.465,14253.574,5.3,66.7,
2001-11-01,177.5,188.1,,115.837,6.6579999999999995,,2.09,1.8690000000000002,,,5.5,66.7,
2001-12-01,177.4,188.4,,116.054,7.0649999999999995,,1.82,1.9805,,,5.7,66.7,
2002-01-01,177.7,188.7,188700.0,116.436,6.9975,,1.73,2.0076190476190474,10783.5,14372.785,5.7,66.5,42410.0
2002-02-01,178.0,189.1,,116.917,6.8925,,1.74,1.8963157894736842,,,5.7,66.8,
2002-03-01,178.5,189.2,,117.93,7.014,,1.73,1.7265000000000001,,,5.7,66.6,
2002-04-01,179.3,189.7,187200.0,119.209,6.985,,1.75,1.7881818181818183,10887.46,14460.848,5.9,66.7,
2002-05-01,179.5,190.0,,120.788,6.806,,1.75,1.9004545454545456,,,5.8,66.7,
2002-06-01,179.6,190.2,,122.334,6.65,,1.75,1.9335,,,5.8,66.6,
2002-07-01,180.0,190.5,178100.0,123.688,6.485,,1.73,2.096363636363636,10984.04,14519.633,5.8,66.5,
2002-08-01,180.5,191.1,,124.731,6.29,,1.74,2.1236363636363635,,,5.7,66.6,
2002-09-01,180.8,191.3,,125.495,6.0925,1853136.0,1.75,1.8655000000000002,,,5.7,66.7,
2002-10-01,181.2,191.5,190100.0,126.138,6.1125,,1.75,2.0290909090909093,11061.433,14537.58,5.7,66.6,
2002-11-01,181.5,191.9,,126.644,6.068,,1.34,2.125263157894737,,,5.9,66.4,
2002-12-01,181.8,192.1,,127.152,6.0475,,1.24,2.1961904761904765,,,6.0,66.3,
2003-01-01,182.6,192.4,186000.0,127.653,5.9159999999999995,,1.24,2.305238095238095,11174.129,14614.141,5.8,66.4,43320.0
2003-02-01,183.6,192.5,,128.326,5.8425,,1.26,2.274736842105263,,,5.9,66.4,
2003-03-01,183.9,192.5,,129.308,5.745,,1.25,2.2333333333333334,,,5.9,66.3,
2003-04-01,183.2,192.5,191800.0,130.488,5.8125,,1.26,2.336190476190476,11312.766,14743.567,6.0,66.4,
2003-05-01,182.9,192.9,,131.839,5.484,,1.26,2.1538095238095236,,,6.1,66.4,
2003-06-01,183.1,193.0,,133.225,5.23,,1.22,2.107142857142857,,,6.3,66.5,
2003-07-01,183.7,193.4,191900.0,134.647,5.6325,,1.01,2.5013636363636365,11566.669,14988.782,6.2,66.2,
2003-08-01,184.5,193.6,,135.965,6.264,,1.03,2.580952380952381,,,6.1,66.1,
2003-09-01,185.1,193.7,,137.076,6.1475,1782314.0,1.01,2.568095238095238,,,6.1,66.1,
2003-10-01,184.9,194.0,198800.0,137.976,5.952,,1.01,2.5427272727272725,11772.234,15162.76,6.0,66.1,
2003-11-01,185.0,194.0,,138.766,5.9325,,1.0,2.373333333333333,,,5.8,66.1,
2003-12-01,185.5,194.2,,139.628,5.8759999999999994,,0.98,2.3604545454545454,,,5.7,65.9,
2004-01-01,186.3,194.6,212700.0,140.705,5.7125,,1.0,2.3895,11923.447,15248.68,5.7,66.1,44330.0
2004-02-01,186.7,194.9,,142.028,5.635,,1.01,2.3442105263157895,,,5.6,66.0,
2004-03-01,187.1,195.5,,144.079,5.445,,1.0,2.248695652173913,,,5.8,66.0,
2004-04-01,187.4,195.9,217600.0,146.18,5.83,,1.0,2.276666666666667,12112.815,15366.85,5.6,65.9,
2004-05-01,188.2,196.2,,148.335,6.27,,1.0,2.182,,,5.6,66.0,
2004-06-01,188.9,196.6,,150.519,6.2875,,1.03,1.9704761904761903,,,5.6,66.1,
2004-07-01,189.1,196.8,213500.0,152.338,6.056,,1.26,1.8595238095238094,12305.307,15512.619,5.5,66.1,
2004-08-01,189.2,196.9,,153.814,5.8675,,1.43,1.7731818181818182,,,5.4,66.0,
2004-09-01,189.8,197.5,,155.108,5.754,1880114.0,1.61,1.6004761904761904,,,5.4,65.8,
2004-10-01,190.8,197.9,228800.0,156.298,5.7225,,1.76,1.5125,12527.214,15670.88,5.5,65.9,
2004-11-01,191.7,198.3,,157.496,5.73,,1.93,1.342,,,5.4,66.0,
2004-12-01,191.7,198.6,,158.67,5.752,,2.16,1.219090909090909,,,5.4,65.9,
2005-01-01,191.6,199.0,232500.0,160.13,5.71,,2.28,0.999,12767.286,15844.727,5.3,65.8,46330.0
2005-02-01,192.4,199.4,,161.925,5.6275,,2.5,0.7805263157894737,,,5.4,65.9,
2005-03-01,193.1,200.1,,164.577,5.928,,2.63,0.770909090909091,,,5.2,65.9,
2005-04-01,193.7,200.2,233700.0,167.001,5.855,,2.79,0.6871428571428572,12922.656,15922.782,5.2,66.1,
2005-05-01,193.6,200.5,,169.546,5.72,,3.0,0.5004761904761905,,,5.1,66.1,
2005-06-01,193.7,200.6,,172.017,5.582,,3.04,0.3577272727272727,,,5.0,66.1,
2005-07-01,194.9,200.9,236400.0,174.099,5.695,,3.26,0.3065,13142.642,16047.587,5.0,66.1,
2005-08-01,196.1,201.1,,175.924,5.82,,3.5,0.21826086956521742,,,4.9,66.2,
2005-09-01,198.8,201.3,,177.612,5.774,2153611.0,3.62,0.2528571428571429,,,5.0,66.1,
2005-10-01,199.1,202.0,243600.0,178.754,6.065,,3.78,0.1925,13324.204,16136.734,5.0,66.1,
2005-11-01,198.1,202.5,,179.676,6.33,,4.0,0.11850000000000001,,,5.0,66.0,
2005-12-01,198.1,202.8,,180.109,6.272,,4.16,0.06285714285714286,,,4.9,66.0,
2006-01-01,199.3,203.2,247700.0,180.828,6.145,,4.29,0.020499999999999997,13599.16,16353.835,4.7,66.0,48200.0
2006-02-01,199.4,203.6,,181.499,6.2525,,4.49,-0.09947368421052633,,,4.8,66.1,
2006-03-01,199.7,204.3,,182.749,6.324,,4.59,-0.009999999999999998,,,4.7,66.2,
2006-04-01,200.7,204.8,246300.0,183.648,6.5075,,4.79,0.10157894736842105,13753.424,16396.151,4.7,66.1,
2006-05-01,201.3,205.4,,184.38,6.5975,,4.94,0.14181818181818182,,,4.6,66.1,
2006-06-01,201.8,205.9,,184.547,6.6819999999999995,,4.99,-0.015454545454545453,,,4.6,66.2,
2006-07-01,202.9,206.3,235600.0,184.607,6.7625,,5.24,-0.031,13870.188,16420.738,4.7,66.1,
2006-08-01,203.8,206.8,,184.404,6.523999999999999,,5.25,-0.026956521739130435,,,4.7,66.2,
2006-09-01,202.8,207.2,,184.197,6.4025,2406869.0,5.25,-0.05,,,4.5,66.1,
2006-10-01,201.9,207.6,245400.0,184.053,6.3575,,5.25,-0.06666666666666668,14039.56,16561.866,4.4,66.2,
2006-11-01,202.0,207.8,,183.63,6.24,,5.25,-0.14523809523809525,,,4.5,66.3,
2006-12-01,203.1,208.1,,183.228,6.135,,5.24,-0.10900000000000001,,,4.4,66.4,
2007-01-01,203.437,208.6,257400.0,182.716,6.2175,,5.25,-0.11666666666666667,14215.651,16611.69,4.6,66.4,50230.0
2007-02-01,204.226,209.135,,182.468,6.285,,5.26,-0.12631578947368421,,,4.5,66.3,
2007-03-01,205.288,209.418,,182.19,6.156000000000001,,5.26,-0.009090909090909092,,,4.4,66.2,
2007-04-01,205.904,209.747,242200.0,182.128,6.18,,5.25,0.027619047619047623,14402.082,16713.314,4.5,65.9,
2007-05-01,206.755,210.058,,181.882,6.2620000000000005,,5.25,-0.02,,,4.4,66.0,
2007-06-01,207.234,210.392,,181.538,6.657500000000001,,5.25,0.12238095238095237,,,4.6,66.0,
2007-07-01,207.603,210.773,241800.0,180.992,6.695,,5.26,0.18523809523809526,14564.117,16809.587,4.7,66.0,
2007-08-01,207.667,211.119,,180.234,6.572,,5.02,0.3617391304347826,,,4.6,65.8,
2007-09-01,208.547,211.554,,179.121,6.3825,2567985.0,4.94,0.51,,,4.7,66.0,
2007-10-01,209.19,212.077,238400.0,177.529,6.375,,4.76,0.56,14715.058,16915.191,4.7,65.8,
2007-11-01,210.834,212.66,,175.161,6.208,,4.49,0.8119999999999999,,,4.7,66.0,
2007-12-01,211.445,213.168,,173.336,6.095,,4.24,0.9804999999999999,,,5.0,66.0,
2008-01-01,212.174,213.771,233900.0,171.076,5.758,,3.94,1.2685714285714287,14706.538,16843.003,5.0,66.2,50300.0
2008-02-01,212.687,213.939,,169.189,5.9175,,2.98,1.7645,,,4.9,66.0,
2008-03-01,213.448,214.42,,167.9,5.97,,2.61,1.893,,,5.1,66.1,
2008-04-01,213.942,214.56,235300.0,167.316,5.9175,,2.28,1.627727272727273,14865.701,16943.291,5.0,65.9,
2008-05-01,215.208,214.936,,167.013,6.036,,1.98,1.4342857142857142,,,5.4,66.1,
2008-06-01,217.463,215.424,,166.531,6.32,,2.0,1.3257142857142856,,,5.6,66.1,
2008-07-01,219.016,215.965,226500.0,165.71,6.425999999999999,,2.01,1.4345454545454546,14898.999,16854.295,5.8,66.1,
2008-08-01,218.69,216.393,,164.275,6.4775,,2.0,1.4652380952380952,,,6.1,66.1,
2008-09-01,218.877,216.713,,161.91,6.0375,2523991.0,1.81,1.61,,,6.1,66.0,
2008-10-01,216.995,216.788,222500.0,159.161,6.2,,0.97,2.2018181818181817,14608.209,16485.35,6.5,66.0,
2008-11-01,213.153,216.947,,156.071,6.0875,,0.39,2.3138888888888887,,,6.8,65.9,
2008-12-01,211.398,216.925,,152.543,5.286,,0.16,1.5954545454545455,,,7.3,65.8,
2009-01-01,211.933,217.346,208400.0,149.36,5.047499999999999,,0.15,1.7105000000000001,14430.902,16298.262,7.8,65.7,49780.0
2009-02-01,212.705,217.792,,147.616,5.13,,0.22,1.894736842105263,,,8.3,65.8,
2009-03-01,212.495,218.253,,146.512,5.0025,,0.18,1.8881818181818182,,,8.7,65.6,
2009-04-01,212.709,218.706,220900.0,146.939,4.8100000000000005,,0.15,2.0,14381.236,16269.145,9.0,65.7,
2009-05-01,213.022,218.904,,148.166,4.8575,,0.18,2.3635,,,9.4,65.7,
2009-06-01,214.79,219.112,,149.793,5.42,,0.21,2.5377272727272726,,,9.5,65.7,
2009-07-01,214.726,219.263,214300.0,150.746,5.2219999999999995,,0.16,2.5431818181818184,14448.882,16326.281,9.5,65.5,
2009-08-01,215.445,219.496,,150.667,5.1925,,0.16,2.4719047619047623,,,9.6,65.4,
2009-09-01,215.861,219.92,,149.627,5.0575,2104989.0,0.15,2.4457142857142857,,,9.8,65.1,
2009-10-01,216.509,220.501,219000.0,148.584,4.952,,0.12,2.4385714285714286,14651.249,16502.754,10.0,65.0,
2009-11-01,217.234,220.666,,147.94,4.875,,0.12,2.599473684210526,,,9.9,65.0,
2009-12-01,217.347,220.881,,146.666,4.93,,0.12,2.7154545454545453,,,9.9,64.6,
2010-01-01,217.488,220.633,222900.0,145.003,5.03,,0.11,2.8042105263157895,14764.61,16582.71,9.8,64.8,49280.0
2010-02-01,217.281,220.731,,143.055,4.99,,0.13,2.8342105263157897,,,9.8,64.9,
2010-03-01,217.353,220.783,,143.595,4.9675,,0.16,2.7686956521739132,,,9.9,64.9,
2010-04-01,217.403,220.822,219500.0,145.398,5.098000000000001,,0.2,2.786363636363636,14980.193,16743.162,9.9,65.2,
2010-05-01,217.29,220.962,,147.031,4.8875,,0.2,2.5895,,,9.6,64.9,
2010-06-01,217.199,221.194,,147.698,4.7375,,0.18,2.4795454545454545,,,9.4,64.6,
2010-07-01,217.605,221.363,224100.0,147.559,4.564,,0.18,2.394761904761905,15141.607,16872.266,9.4,64.6,
2010-08-01,217.923,221.509,,146.426,4.4275,,0.19,2.178181818181818,,,9.5,64.7,
2010-09-01,218.275,221.711,,144.607,4.346,2162706.0,0.19,2.1676190476190476,,,9.5,64.6,
2010-10-01,219.035,221.83,224300.0,143.125,4.225,,0.19,2.164,15309.474,16960.864,9.4,64.4,
2010-11-01,219.59,222.149,,141.813,4.3,,0.19,2.309,,,9.8,64.6,
2010-12-01,220.472,222.343,,140.622,4.714,,0.18,2.6727272727272724,,,9.3,64.3,
2011-01-01,221.187,222.803,226900.0,139.03,4.755,,0.17,2.7794999999999996,15351.448,16920.632,9.1,64.2,50050.0
2011-02-01,221.898,223.213,,137.725,4.9525,,0.16,2.803684210526316,,,9.0,64.1,
2011-03-01,223.046,223.454,,137.779,4.836,,0.14,2.7169565217391307,,,9.0,64.2,
2011-04-01,224.093,223.727,228100.0,139.153,4.84,,0.1,2.7205000000000004,15557.539,17035.114,9.1,64.2,
2011-05-01,224.806,224.175,,140.688,4.6375,,0.09,2.6133333333333333,,,9.0,64.1,
2011-06-01,224.806,224.697,,141.941,4.51,,0.09,2.591818181818182,,,9.1,64.0,
2011-07-01,225.395,225.218,223500.0,142.34,4.545,,0.07,2.5965,15647.68,17031.313,9.0,64.0,
2011-08-01,226.106,225.862,,141.783,4.27,,0.1,2.072608695652174,,,9.0,64.1,
2011-09-01,226.597,226.118,,140.162,4.106,2303466.0,0.08,1.7638095238095237,,,9.0,64.2,
2011-10-01,226.75,226.506,221100.0,138.398,4.0675,,0.07,1.8715,15842.259,17222.583,8.8,64.1,
2011-11-01,227.169,226.899,,136.652,3.9925,,0.08,1.7600000000000002,,,8.6,64.1,
2011-12-01,227.223,227.405,,135.154,3.9579999999999997,,0.07,1.720952380952381,,,8.5,64.0,
2012-01-01,227.842,227.877,238400.0,134.156,3.915,,0.08,1.7260000000000002,16068.805,17367.01,8.3,63.7,51020.0
2012-02-01,228.329,228.034,,133.987,3.89,,0.1,1.6895,,,8.3,63.8,
2012-03-01,228.807,228.478,,135.855,3.9539999999999997,,0.13,1.8281818181818181,,,8.2,63.8,
2012-04-01,229.187,228.905,238700.0,138.46,3.91,,0.14,1.7609523809523808,16207.115,17444.525,8.2,63.7,
2012-05-01,228.713,229.224,,141.035,3.7979999999999996,,0.16,1.518181818181818,,,8.2,63.7,
2012-06-01,228.524,229.623,,143.157,3.675,,0.16,1.3304761904761906,,,8.2,63.8,
2012-07-01,228.59,229.97,248800.0,144.271,3.55,,0.16,1.2785714285714287,16319.541,17469.65,8.2,63.7,
2012-08-01,229.918,230.233,,144.695,3.6019999999999994,,0.13,1.4095652173913045,,,8.1,63.5,
2012-09-01,231.015,230.659,,144.347,3.4975,2449990.0,0.14,1.4678947368421054,,,7.8,63.6,
2012-10-01,231.638,231.024,251700.0,143.957,3.3825000000000003,,0.16,1.469047619047619,16420.419,17489.852,7.8,63.8,
2012-11-01,231.249,231.33,,143.95,3.3519999999999994,,0.16,1.386,,,7.7,63.6,
2012-12-01,231.221,231.725,,143.858,3.3449999999999998,,0.16,1.462,,,7.9,63.7,
2013-01-01,231.679,232.229,258400.0,144.302,3.414,,0.14,1.6495238095238096,16648.189,17662.4,8.0,63.7,53590.0
2013-02-01,232.937,232.569,,145.152,3.5324999999999998,,0.15,1.7168421052631577,,,7.7,63.4,
2013-03-01,232.282,232.794,,147.952,3.565,,0.14,1.7015,,,7.5,63.3,
2013-04-01,231.797,232.832,268100.0,150.96,3.4450000000000003,,0.15,1.526818181818182,16728.687,17709.671,7.6,63.4,
2013-05-01,231.893,232.996,,153.849,3.536,,0.11,1.6777272727272725,,,7.5,63.4,
2013-06-01,232.445,233.35,,156.416,4.07,,0.09,1.9665,,,7.5,63.4,
2013-07-01,232.9,233.88,264800.0,158.275,4.37,,0.09,2.2413636363636367,16953.838,17860.45,7.3,63.3,
2013-08-01,233.456,234.336,,159.383,4.456,,0.08,2.380909090909091,,,7.2,63.3,
2013-09-01,233.544,234.7,,159.663,4.49,2775106.0,0.08,2.4055,,,7.2,63.2,
2013-10-01,233.669,234.921,273600.0,159.549,4.192,,0.09,2.2804545454545457,17192.019,18016.147,7.2,62.8,
2013-11-01,234.1,235.359,,159.36,4.255,,0.08,2.4147368421052633,,,6.9,63.0,
2013-12-01,234.719,235.759,,159.277,4.4575,,0.09,2.5619047619047617,,,6.7,62.9,
2014-01-01,235.288,235.961,275200.0,159.363,4.432,,0.07,2.4642857142857144,17197.738,17953.974,6.6,62.9,53660.0
2014-02-01,235.547,236.185,,159.864,4.3025,,0.07,2.382631578947368,,,6.7,62.9,
2014-03-01,236.028,236.625,,161.178,4.3425,,0.08,2.3242857142857143,,,6.7,63.1,
2014-04-01,236.468,237.072,288000.0,162.954,4.3375,,0.09,2.288095238095238,17518.508,18185.911,6.2,62.8,
2014-05-01,236.918,237.529,,164.667,4.192,,0.09,2.17,,,6.3,62.9,
2014-06-01,237.231,237.837,,166.196,4.1625,,0.1,2.146190476190476,,,6.1,62.8,
2014-07-01,237.498,238.195,281000.0,167.12,4.13,,0.09,2.0359090909090907,17804.228,18406.941,6.2,62.9,
2014-08-01,237.46,238.405,,167.435,4.115,,0.09,1.9476190476190476,,,6.1,62.9,
2014-09-01,237.477,238.786,,167.227,4.1625,3021491.0,0.09,1.9676190476190476,,,5.9,62.8,
2014-10-01,237.43,239.191,298900.0,166.896,4.036,,0.09,1.8586363636363636,17912.079,18500.031,5.7,62.9,
2014-11-01,236.983,239.458,,166.644,3.9975,,0.09,1.7983333333333331,,,5.8,62.9,
2014-12-01,236.252,239.584,,166.445,3.864,,0.12,1.5718181818181818,,,5.6,62.8,
2015-01-01,234.747,239.811,289200.0,166.23,3.67,,0.11,1.33,18063.529,18666.621,5.7,62.9,56520.0
2015-02-01,235.342,240.172,,166.609,3.71,,0.11,1.3563157894736841,,,5.5,62.7,
2015-03-01,235.976,240.755,,168.068,3.77,,0.11,1.4022727272727273,,,5.4,62.6,
2015-04-01,236.222,241.346,289100.0,169.954,3.6719999999999997,,0.12,1.395,18279.784,18782.243,5.4,62.8,
2015-05-01,237.001,241.688,,171.835,3.84,,0.12,1.5885,,,5.6,62.9,
2015-06-01,237.657,242.064,,173.432,3.9825,,0.13,1.675,,,5.3,62.7,
2015-07-01,238.034,242.565,295800.0,174.474,4.046,,0.13,1.656818181818182,18401.626,18857.418,5.2,62.6,
2015-08-01,238.033,242.817,,174.913,3.9050000000000002,,0.14,1.4695238095238095,,,5.1,62.6,
2015-09-01,237.498,243.316,,175.018,3.89,3249890.0,0.14,1.4595238095238094,,,5.0,62.4,
2015-10-01,237.733,243.768,302500.0,175.022,3.7960000000000003,,0.12,1.4252380952380952,18435.137,18892.206,5.0,62.5,
2015-11-01,238.017,244.241,,175.113,3.9425,,0.12,1.378421052631579,,,5.1,62.5,
2015-12-01,237.761,244.547,,175.086,3.964,,0.24,1.26,,,5.0,62.7,
2016-01-01,237.652,244.955,299800.0,175.011,3.8725,,0.34,1.1857894736842105,18525.933,19001.69,4.8,62.7,59040.0
2016-02-01,237.336,245.51,,175.259,3.66,,0.38,1.046,,,4.9,62.8,
2016-03-01,238.08,245.913,,176.58,3.694,,0.36,1.014090909090909,,,5.0,63.0,
2016-04-01,238.992,246.551,306000.0,178.474,3.605,,0.37,1.0371428571428571,18711.702,19062.709,5.1,62.9,
2016-05-01,239.557,247.137,,180.322,3.6,,0.37,0.99,,,4.8,62.7,
2016-06-01,240.222,247.54,,181.896,3.568,,0.38,0.9127272727272728,,,4.9,62.7,
2016-07-01,240.101,247.829,303800.0,183.0,3.44,,0.39,0.8314999999999999,18892.639,19197.938,4.8,62.8,
2016-08-01,240.545,248.423,,183.638,3.435,,0.4,0.8191304347826087,,,4.9,62.9,
2016-09-01,241.176,248.842,,183.925,3.46,3267965.0,0.4,0.8595238095238096,,,5.0,62.9,
2016-10-01,241.741,249.142,310900.0,183.993,3.47,,0.4,0.9215,19089.379,19304.352,4.9,62.8,
2016-11-01,242.026,249.481,,184.202,3.77,,0.41,1.1625,,,4.7,62.7,
2016-12-01,242.637,249.92,,184.374,4.198,,0.54,1.2952380952380953,,,4.7,62.7,
2017-01-01,243.618,250.467,313100.0,184.628,4.15,,0.65,1.226,19280.084,19398.343,4.7,62.8,61140.0
2017-02-01,244.006,250.998,,184.995,4.1675,,0.66,1.2178947368421054,,,4.6,62.9,
2017-03-01,243.892,250.944,,186.504,4.196,,0.79,1.168695652173913,,,4.4,62.9,
2017-04-01,244.193,251.227,318200.0,188.518,4.045,,0.9,1.0563157894736843,19438.643,19506.949,4.4,63.0,
2017-05-01,244.004,251.43,,190.513,4.01,,0.91,1.0018181818181817,,,4.4,62.8,
2017-06-01,244.163,251.746,,192.24,3.904,,1.04,0.8445454545454546,,,4.3,62.8,
2017-07-01,244.243,251.985,320500.0,193.484,3.9675000000000002,,1.15,0.9455,19692.595,19660.766,4.3,62.9,
2017-08-01,245.183,252.535,,194.318,3.88,,1.16,0.8739130434782609,,,4.4,62.9,
2017-09-01,246.435,252.812,,194.786,3.8049999999999997,3316184.0,1.15,0.8175000000000001,,,4.3,63.1,
2017-10-01,246.626,253.526,337900.0,195.049,3.895,,1.15,0.8104761904761905,20037.088,19882.352,4.2,62.7,
2017-11-01,247.284,253.816,,195.412,3.9219999999999997,,1.16,0.6566666666666666,,,4.2,62.7,
2017-12-01,247.805,254.344,,195.808,3.95,,1.3,0.5585,,,4.1,62.7,
2018-01-01,248.859,255.204,331800.0,196.08,4.032500000000001,,1.41,0.5519047619047619,20328.553,20044.077,4.0,62.7,63180.0
2018-02-01,249.529,255.711,,196.871,4.33,,1.42,0.6836842105263158,,,4.1,63.0,
2018-03-01,249.577,256.271,,198.538,4.444,,1.51,0.5666666666666667,,,4.0,62.9,
2018-04-01,250.227,256.63,315600.0,200.576,4.4675,,1.69,0.4847619047619047,20580.912,20150.476,4.0,62.9,
2018-05-01,250.792,257.145,,202.413,4.586,,1.7,0.4659090909090909,,,3.8,62.9,
2018-06-01,251.018,257.399,,204.006,4.57,,1.82,0.379047619047619,,,4.0,63.0,
2018-07-01,251.214,257.699,330900.0,204.915,4.5275,,1.91,0.28238095238095234,20798.73,20276.154,3.8,63.0,
2018-08-01,251.663,257.891,,205.293,4.55,,1.91,0.2534782608695652,,,3.8,62.6,
2018-09-01,252.182,258.368,,205.341,4.6274999999999995,3329907.0,1.95,0.23631578947368423,,,3.7,62.8,
2018-10-01,252.772,258.917,322800.0,205.338,4.83,,2.19,0.2913636363636364,20917.867,20304.874,3.8,62.9,
2018-11-01,252.594,259.439,,205.076,4.866,,2.2,0.258,,,3.8,62.9,
2018-12-01,252.767,260.063,,204.666,4.6375,,2.27,0.1563157894736842,,,3.9,63.0,
2019-01-01,252.561,260.766,313000.0,204.167,4.464,,2.4,0.17047619047619048,21111.6,20431.641,4.0,63.1,68700.0
2019-02-01,253.319,261.186,,204.391,4.37,,2.4,0.17210526315789473,,,3.8,63.1,
2019-03-01,254.277,261.567,,205.737,4.265,,2.41,0.16142857142857142,,,3.8,63.0,
2019-04-01,255.233,261.997,322500.0,207.65,4.1425,,2.42,0.18761904761904763,21397.938,20602.275,3.7,62.8,
2019-05-01,255.296,262.217,,209.313,4.072,,2.39,0.18863636363636366,,,3.6,62.9,
2019-06-01,255.213,262.739,,210.548,3.8024999999999998,,2.38,0.26,,,3.6,63.0,
2019-07-01,255.802,263.28,318400.0,211.298,3.765,,2.4,0.2240909090909091,21717.171,20843.322,3.7,63.1,
2019-08-01,256.036,263.877,,211.656,3.6159999999999997,,2.13,0.055,,,3.6,63.1,
2019-09-01,256.43,264.388,,211.835,3.605,3463364.0,2.04,0.051500000000000004,,,3.5,63.2,
2019-10-01,257.155,264.97,327100.0,211.928,3.6879999999999997,,1.83,0.15545454545454546,21933.217,20985.448,3.6,63.3,
2019-11-01,257.879,265.548,,212.067,3.6950000000000003,,1.55,0.19947368421052633,,,3.6,63.3,
2019-12-01,258.63,266.02,,212.199,3.72,,1.55,0.24952380952380954,,,3.6,63.3,
2020-01-01,259.127,266.716,329000.0,212.36,3.624,,1.55,0.23857142857142857,21751.238,20709.212,3.6,63.3,68010.0
2020-02-01,259.25,267.37,,213.179,3.4650000000000003,,1.58,0.1731578947368421,,,3.5,63.3,
2020-03-01,258.076,267.054,,215.154,3.45,,0.65,0.42181818181818187,,,4.4,62.6,
2020-04-01,256.032,265.746,317100.0,217.197,3.306,,0.05,0.43285714285714283,19958.291,19077.992,14.8,60.1,
2020-05-01,255.802,265.412,,218.443,3.2325,,0.05,0.5035000000000001,,,13.2,60.8,
2020-06-01,257.042,265.849,,219.769,3.1625,,0.08,0.5436363636363637,,,11.0,61.5,
2020-07-01,258.352,267.389,327900.0,221.526,3.016,,0.09,0.4754545454545455,21704.437,20558.879,10.2,61.5,
2020-08-01,259.316,268.422,,224.005,2.935,,0.1,0.5104761904761905,,,8.4,61.7,
2020-09-01,259.997,268.933,,226.754,2.89,3421164.0,0.09,0.5447619047619048,,,7.8,61.4,
2020-10-01,260.319,269.306,338600.0,229.761,2.834,,0.09,0.6376190476190476,22087.16,20791.917,6.9,61.7,
2020-11-01,260.911,269.981,,232.261,2.765,,0.09,0.7042105263157895,,,6.7,61.5,
2020-12-01,262.045,270.341,,234.31,2.684,,0.09,0.7977272727272727,,,6.7,61.5,
2021-01-01,262.687,270.387,355000.0,236.385,2.735,,0.09,0.9500000000000001,22680.693,21082.134,6.4,61.4,70780.0
2021-02-01,263.579,270.793,,239.167,2.81,,0.08,1.1426315789473684,,,6.2,61.4,
2021-03-01,264.961,271.459,,244.166,3.0825,,0.07,1.463913043478261,,,6.1,61.5,
2021-04-01,266.614,273.66,367800.0,249.776,3.06,,0.07,1.471818181818182,23425.91,21440.929,6.1,61.6,
2021-05-01,268.383,275.465,,255.399,2.9625,,0.06,1.466,,,5.8,61.6,
2021-06-01,270.654,277.651,,261.114,2.975,,0.08,1.3163636363636364,,,5.9,61.7,
2021-07-01,271.903,278.648,395200.0,265.44,2.868,,0.1,1.099047619047619,23982.379,21617.828,5.4,61.8,
2021-08-01,272.676,278.997,,268.707,2.8425000000000002,,0.09,1.0659090909090911,,,5.1,61.7,
2021-09-01,273.91,279.698,,271.357,2.9,4047111.0,0.08,1.1338095238095238,,,4.7,61.7,
2021-10-01,276.55,281.668,414000.0,273.566,3.0675,,0.08,1.19,24813.6,21988.737,4.5,61.8,
2021-11-01,278.919,283.406,,275.934,3.0675,,0.08,1.0515,,,4.1,61.9,
2021-12-01,280.845,285.18,,278.507,3.098,,0.08,0.785,,,3.9,62.0,
2022-01-01,282.543,286.757,413500.0,281.882,3.4450000000000003,,0.08,0.7835,25250.347,21932.71,4.0,62.2,74580.0
2022-02-01,284.5,288.273,,287.098,3.7625,,0.08,0.49894736842105264,,,3.9,62.3,
2022-03-01,287.674,289.056,,294.891,4.172,,0.2,0.21826086956521737,,,3.7,62.4,
2022-04-01,288.561,290.514,437700.0,301.508,4.9825,,0.33,0.20950000000000002,25861.292,21967.045,3.7,62.2,
2022-05-01,291.298,292.063,,306.269,5.2299999999999995,,0.77,0.2814285714285714,,,3.6,62.3,
2022-06-01,294.957,294.05,,308.065,5.522,,1.21,0.14523809523809525,,,3.6,62.2,
2022-07-01,294.913,295.088,438000.0,306.9,5.4125,,1.68,-0.13999999999999999,26336.304,22125.625,3.5,62.1,
2022-08-01,295.097,296.535,,303.477,5.2225,,2.33,-0.3521739130434782,,,3.6,62.3,
2022-09-01,296.349,298.226,,300.305,6.112,4897339.0,2.56,-0.3376190476190476,,,3.5,62.2,
2022-10-01,298.007,299.399,442600.0,298.513,6.9,,3.08,-0.3915,26770.514,22278.345,3.6,62.2,
2022-11-01,298.786,300.325,,296.693,6.805,,3.78,-0.6125,,,3.6,62.1,
2022-12-01,298.832,301.394,,294.187,6.364,,4.1,-0.6723809523809524,,,3.5,62.3,
2023-01-01,300.42,302.642,429000.0,292.683,6.2725,,4.33,-0.6759999999999999,27216.445,22439.607,3.5,62.4,80610.0
2023-02-01,301.45,304.123,,293.481,6.2575,,4.57,-0.7868421052631579,,,3.6,62.5,
2023-03-01,301.821,305.147,,297.403,6.544,,4.65,-0.6395652173913043,,,3.5,62.6,
2023-04-01,302.845,306.534,418500.0,301.513,6.342499999999999,,4.83,-0.5559999999999999,27530.055,22580.499,3.4,62.6,
2023-05-01,303.334,307.652,,305.374,6.425,,5.06,-0.5581818181818181,,,3.6,62.6,
2023-06-01,304.014,308.322,,308.326,6.714,,5.08,-0.8914285714285713,,,3.6,62.6,
2023-07-01,304.609,308.96,435400.0,310.243,6.84,,5.12,-0.9289999999999999,28074.846,22840.989,3.5,62.6,
2023-08-01,306.082,309.58,,311.603,7.072,,5.33,-0.7339130434782608,,,3.7,62.8,
2023-09-01,307.276,310.539,,312.457,7.2,4440948.0,5.33,-0.643,,,3.7,62.7,
2023-10-01,307.696,311.457,423200.0,312.805,7.62,,5.33,-0.26952380952380955,28424.722,23033.78,3.9,62.6,
2023-11-01,308.148,312.392,,312.044,7.442,,5.33,-0.3795238095238095,,,3.7,62.8,
2023-12-01,308.741,313.195,,310.865,6.815,,5.33,-0.437,,,3.8,62.5,
2024-01-01,309.698,314.319,426800.0,310.737,6.6425,,5.33,-0.2647619047619048,28708.161,23082.119,3.7,62.5,83730.0
2024-02-01,310.967,315.564,,312.657,6.776000000000001,,5.33,-0.3365,,,3.9,62.6,
2024-03-01,312.345,316.792,,316.84,6.82,,5.33,-0.3795,,,3.9,62.7,
2024-04-01,313.023,317.649,414500.0,320.777,6.9925,,5.33,-0.33409090909090905,29147.044,23286.508,3.9,62.6,
2024-05-01,313.175,318.095,,323.721,7.06,,5.33,-0.3740909090909091,,,3.9,62.6,
2024-06-01,313.044,318.39,,325.278,6.9175,,5.33,-0.431578947368421,,,4.1,62.6,
2024-07-01,313.569,318.94,415300.0,325.586,6.8475,,5.33,-0.24727272727272728,29511.664,23478.57,4.2,62.7,
2024-08-01,314.062,319.75,,325.026,6.5,,5.33,-0.09454545454545454,,,4.2,62.7,
2024-09-01,314.732,320.732,,324.646,6.18,4919884.0,5.13,0.101,,,4.1,62.7,
2024-10-01,315.631,321.731,419300.0,323.966,6.428,,4.83,0.12318181818181818,29825.182,23586.542,4.1,62.5,
2024-11-01,316.528,322.657,,323.685,6.805,,4.64,0.09842105263157895,,,4.2,62.4,
2024-12-01,317.604,323.259,,323.305,6.715,,4.48,0.1657142857142857,,,4.1,62.5,
2025-01-01,318.961,324.638,423100.0,323.659,6.958,,4.33,0.35714285714285715,30042.113,23548.21,4.0,62.6,
2025-02-01,319.679,325.465,,325.127,6.842499999999999,,4.33,0.24105263157894738,,,4.2,62.5,
2025-03-01,319.785,325.69,,327.737,6.65,,4.33,0.31047619047619046,,,4.2,62.5,
2025-04-01,320.302,326.467,416100.0,329.893,6.725,,4.33,0.5014285714285714,30485.729,23770.976,4.2,62.6,
2025-05-01,320.62,326.893,,331.412,6.816,,4.33,0.5038095238095238,,,4.3,62.4,
2025-06-01,321.435,327.658,,331.6,6.8175,,4.33,0.49450000000000005,,,4.1,62.3,
2025-07-01,322.169,328.682,410100.0,330.945,6.720000000000001,,4.33,0.5095454545454546,31098.027,24026.834,4.3,62.2,
2025-08-01,323.291,329.7,,329.86,6.5875,,4.33,0.5609523809523809,,,4.3,62.3,
2025-09-01,324.245,330.418,,328.886,6.3525,5236421.0,4.22,0.5519047619047619,,,4.4,62.5,
2025-10-01,,,412300.0,328.25,6.254,,4.09,0.5404545454545455,31422.526,24055.749,,,
2025-11-01,325.063,331.043,,327.865,6.2375,,3.88,0.543888888888889,,,4.5,62.5,
2025-12-01,326.031,331.814,,327.025,6.1899999999999995,,3.72,0.6422727272727273,,,4.4,62.4,
2026-01-01,326.588,332.793,408500.0,326.728,6.1025,,3.64,0.6765,31865.721,24180.419,4.3,62.1,
2026-02-01,327.46,333.512,,327.759,6.0475,,3.64,0.6542105263157895,,,4.4,62.0,
2026-03-01,330.293,334.165,,330.228,6.1775,,3.64,0.5313636363636364,,,4.3,61.9,
2026-04-01,332.407,335.423,410700.0,332.984,6.332,,3.64,0.52,32475.21,24270.599,4.3,61.8,
2026-05-01,333.979,336.121,,335.104,6.4425,,3.63,0.489,,,4.3,61.8,
2026-06-01,332.568,336.065,,,6.49,,3.63,0.3576190476190476,,,4.2,61.5,
2026-07-01,332.813,336.789,,,6.542,,3.63,0.3768181818181818,,,4.1,61.4,
2026-08-01,,,,,6.68,,,0.465,,,,,
